"V1","V2","V3","V4","V5","V6","V7","V8","V9","V10","V11","V12","V13","V14","V15","V16","V17","V18","V19","V20","V21"
2,1,10,15,22,38,45,96,137,275,372,521,727,782,838,743,674,480,381,242,159
5,7,19,32,57,88,152,248,405,634,813,1008,994,810,646,405,249,154,103,80,58
5,1,2,10,11,33,43,64,108,150,266,388,542,669,828,809,727,550,440,328,261
2,1,2,4,6,15,26,32,58,113,228,360,534,674,838,825,765,690,499,380,257
2,1,0,2,3,9,21,20,31,27,35,58,60,89,95,141,175,332,433,648,742
3,2,1,2,3,5,3,15,28,69,112,182,234,373,489,646,722,642,682,640,513
1,1,1,12,11,6,9,5,13,15,25,24,46,77,141,207,283,404,555,674,810
1,1,1,2,12,30,44,83,99,141,230,360,507,703,840,793,699,605,512,388,251
5,3,17,16,30,51,80,138,245,408,534,747,832,867,834,678,465,363,231,148,83
3,4,15,37,99,147,242,321,532,670,801,822,733,657,513,348,207,170,97,78,48
5,10,13,23,50,89,139,181,278,355,479,577,666,701,712,658,613,369,270,177,109
3,4,3,5,6,14,14,35,46,48,102,151,227,366,476,703,781,802,751,635,451
4,5,10,14,30,68,113,176,285,452,550,791,840,934,811,594,524,294,162,82,66
4,2,2,1,3,1,3,8,6,4,3,9,13,11,25,37,71,115,181,261,407
1,2,7,5,5,6,2,1,5,9,16,27,27,55,90,132,207,281,483,592,791
4,3,3,5,8,8,18,36,59,97,172,235,382,543,671,807,874,800,662,502,349
2,1,2,2,2,8,15,25,41,50,91,112,193,287,447,570,711,770,747,727,605
3,2,13,32,34,58,85,145,268,336,596,735,961,911,849,623,440,284,163,126,75
2,6,6,19,22,40,54,83,105,211,303,498,682,852,893,861,675,515,344,204,137
2,5,6,7,9,11,22,23,59,99,210,269,484,608,754,797,856,666,560,380,280
3,4,6,13,25,47,67,113,172,245,301,529,678,751,907,757,624,496,349,229,155
3,3,3,2,13,20,54,84,143,260,369,577,663,876,932,783,656,478,348,228,138
2,5,2,6,7,11,13,18,56,89,195,315,490,688,803,953,903,790,559,379,266
3,9,20,43,43,48,82,117,163,276,334,438,572,589,755,712,666,559,406,286,187
5,10,5,6,6,13,3,19,13,22,43,81,151,225,385,543,643,772,790,722,677
2,5,4,3,8,9,10,18,24,30,33,75,146,204,317,414,538,768,880,876,707
2,10,8,12,25,45,70,100,167,184,288,403,527,623,782,787,708,564,429,319,207
3,7,11,15,27,46,96,140,252,371,543,678,841,836,834,683,506,343,239,174,105
5,4,6,9,13,30,29,52,76,140,156,289,452,579,748,872,898,730,572,391,267
2,7,4,5,9,9,24,64,92,174,242,354,530,622,817,875,807,618,448,356,193
3,14,26,54,95,142,248,384,562,618,790,725,818,718,557,362,254,160,88,45,43
3,4,10,8,12,12,33,61,111,162,261,436,541,692,816,776,690,540,430,337,228
1,7,8,10,17,32,54,67,114,129,187,329,439,654,803,810,805,698,563,339,258
4,3,8,10,18,31,35,45,65,118,131,282,348,515,605,821,866,702,598,471,306
3,8,8,19,36,61,110,171,199,277,405,548,678,761,772,674,572,441,334,220,157
3,4,6,12,12,15,34,67,121,224,408,503,690,829,892,859,743,552,378,246,142
4,8,12,13,22,39,51,60,81,128,174,233,358,464,644,830,816,807,660,449,340
9,18,28,32,58,100,152,257,418,500,667,745,808,699,586,464,311,237,148,121,75
2,3,7,19,44,82,132,202,281,417,552,697,795,768,701,598,464,336,220,133,84
2,12,25,49,64,146,253,362,624,803,872,850,791,655,480,330,208,129,58,45,20
6,10,10,11,26,42,62,87,143,183,294,374,539,678,862,845,796,591,415,304,176
6,11,9,9,21,26,42,90,146,219,304,490,608,738,830,753,648,549,380,261,184
2,3,12,26,31,56,72,98,131,205,279,424,565,775,881,826,708,500,353,223,146
3,3,7,21,56,109,173,240,360,533,655,791,776,719,537,445,297,234,183,131,88
2,5,3,16,14,34,39,60,81,171,239,399,532,689,733,816,701,579,402,261,167
4,3,11,26,43,87,129,209,288,450,658,731,736,803,696,604,433,335,203,147,99
7,12,6,7,6,13,8,25,53,70,99,138,223,316,452,656,663,773,680,602,474
3,2,2,3,6,4,7,9,21,26,54,83,112,239,392,586,710,775,768,705,577
2,1,1,4,12,28,39,69,115,184,293,428,527,727,785,908,840,633,420,293,160
7,9,14,21,34,40,89,143,194,272,393,597,768,902,879,727,597,445,263,164,84
3,11,19,26,50,63,98,128,233,319,454,533,637,726,827,670,581,417,294,267,152
1,4,5,4,8,10,11,28,56,87,132,182,240,384,520,572,805,727,668,581,452
4,12,23,35,70,110,223,294,469,657,767,927,822,712,510,384,263,174,99,69,35
5,14,20,29,44,64,98,165,196,316,376,577,677,746,735,672,476,402,304,196,140
1,5,3,6,10,20,29,54,76,98,135,181,263,428,569,785,837,830,641,609,370
2,1,3,10,9,8,5,3,8,7,16,11,43,40,53,97,161,260,420,567,759
2,8,9,14,34,64,87,153,306,491,721,865,893,784,673,580,467,338,235,103,64
6,12,37,54,113,201,316,380,588,757,790,783,653,490,395,256,170,107,95,61,39
2,1,2,5,7,13,15,28,36,48,72,133,221,347,502,643,813,797,759,691,514
3,7,17,28,52,111,196,335,468,622,742,791,758,737,535,389,320,199,129,99,63
4,12,21,27,47,90,149,254,352,536,674,784,909,843,721,505,341,216,143,110,70
2,8,12,19,32,62,95,143,192,287,386,525,697,769,816,784,591,470,340,181,132
2,6,6,19,22,34,47,79,140,203,300,404,571,739,798,824,757,624,440,313,203
11,24,37,87,122,248,392,590,745,777,911,784,639,515,369,288,207,125,69,30,21
1,2,2,2,1,3,4,14,29,38,59,93,147,221,394,540,711,782,890,850,697
2,2,4,5,6,6,22,32,70,89,187,280,408,548,673,764,826,739,595,447,340
1,2,9,20,44,61,65,93,146,202,251,413,567,768,843,689,634,467,379,259,186
3,6,2,8,11,14,15,13,45,60,122,198,309,447,602,683,836,790,669,538,466
5,2,3,5,14,15,23,49,62,89,168,249,386,584,760,892,864,742,528,465,323
5,8,17,45,81,160,261,413,546,742,765,735,713,636,484,376,261,197,114,70,52
1,2,6,12,19,45,43,78,137,202,315,454,600,749,769,753,673,545,459,286,189
3,11,6,10,9,4,0,0,6,12,13,21,42,77,114,158,272,452,564,821,875
3,5,7,17,25,33,38,84,111,210,276,439,612,718,916,891,716,543,374,314,186
4,7,9,24,50,86,134,173,297,422,627,755,832,850,794,586,396,269,182,130,71
2,0,7,10,12,17,21,35,49,64,113,187,264,455,621,781,888,900,721,588,471
2,5,13,29,33,57,92,158,243,357,524,735,907,908,771,572,404,322,183,130,98
3,8,17,15,37,37,70,99,184,248,390,572,739,844,867,750,577,457,319,215,107
3,6,8,10,29,36,59,76,132,208,316,447,606,878,877,874,667,513,368,256,188
1,4,0,4,3,9,14,12,36,37,78,106,146,171,289,423,611,741,794,749,638
2,4,8,9,12,24,27,46,80,128,191,283,381,557,767,824,849,744,562,427,301
7,10,12,14,28,41,63,104,201,287,445,586,687,799,763,666,535,428,269,228,122
2,5,1,10,14,12,20,44,48,89,137,246,367,527,591,824,827,824,630,445,347
4,1,2,10,14,24,32,72,117,216,302,394,555,671,731,723,675,576,434,334,231
2,5,14,32,41,71,125,197,315,474,693,844,876,813,753,563,361,220,164,117,52
3,7,10,10,11,7,7,29,54,83,138,214,319,446,656,767,840,855,748,538,389
2,7,13,18,39,58,88,182,277,516,722,882,876,878,715,538,400,267,146,99,67
6,9,13,19,32,54,92,169,288,422,549,714,818,794,761,580,429,308,194,105,80
7,9,20,27,66,91,155,237,349,490,617,781,853,816,643,503,389,252,169,111,61
8,4,9,6,13,15,31,55,84,152,175,263,428,623,806,828,819,690,626,405,282
5,20,32,43,36,53,98,162,230,292,430,592,666,740,721,590,505,411,255,174,121
3,6,9,8,10,40,64,93,142,215,328,429,570,708,747,805,627,516,388,264,158
2,1,1,0,5,6,13,15,32,39,60,103,179,347,554,798,912,1020,897,656,426
3,4,12,24,46,62,101,180,269,427,533,635,822,771,646,502,354,282,218,145,117
1,4,4,4,6,5,18,29,55,89,120,178,278,426,596,730,823,840,728,617,399
3,7,9,5,5,12,23,49,97,138,254,379,502,627,721,757,730,686,570,414,285
4,8,21,41,71,118,198,300,467,628,748,854,803,690,564,433,289,180,122,67,36
3,1,10,8,15,32,60,95,147,224,309,469,689,837,895,768,662,521,354,244,175
1,4,11,34,66,111,224,329,469,581,742,815,876,752,598,434,290,201,125,76,44
1,0,1,5,17,15,26,33,46,69,98,149,228,296,494,649,806,874,886,682,458
2,2,11,18,25,50,82,132,186,303,496,594,752,790,814,694,545,370,258,196,119
2,3,4,4,6,10,13,16,29,40,49,106,134,217,378,470,628,792,818,789,608
2,6,11,9,14,36,54,91,143,258,367,559,661,772,830,719,668,476,366,265,135
3,3,9,16,18,37,54,80,132,176,295,464,574,760,837,848,707,585,406,298,184
4,5,7,8,10,15,24,28,35,62,90,154,216,294,420,606,763,838,781,663,519
8,26,41,80,106,218,315,500,665,825,889,898,733,536,348,235,139,101,64,39,15
3,5,2,5,3,9,16,19,31,81,151,225,327,499,621,758,878,829,623,473,362
7,7,4,15,24,41,73,90,195,284,457,617,699,805,824,656,541,428,282,198,123
2,4,7,12,22,43,104,166,298,401,651,836,960,910,770,552,418,228,164,136,83
3,9,20,52,83,127,198,264,332,495,672,800,802,742,692,522,414,301,202,111,75
3,1,1,2,4,4,4,4,2,4,6,1,3,12,22,37,45,96,139,212,340
1,1,3,1,4,7,11,15,16,46,74,101,209,307,481,701,789,868,765,667,477
4,9,13,33,71,103,181,302,461,663,794,875,875,696,519,412,260,174,103,67,59
2,1,7,9,30,29,49,60,132,242,329,462,657,853,880,805,682,527,362,272,181
2,8,23,54,85,123,200,328,416,556,756,830,881,743,615,438,310,205,142,107,55
3,0,2,1,5,5,0,19,17,20,28,63,113,159,233,371,506,653,736,776,734
4,6,13,35,60,78,149,254,402,552,682,834,909,773,673,489,340,221,151,84,53
9,14,30,55,87,147,226,308,436,574,614,751,786,703,646,438,357,247,160,93,53
7,8,16,30,57,81,165,270,419,507,668,735,740,738,629,475,359,225,170,145,102
5,2,2,5,2,4,11,24,32,63,80,129,194,374,508,731,849,818,801,621,507
3,7,13,21,51,89,139,190,305,450,685,811,916,789,682,515,346,264,143,117,57
1,2,8,16,23,46,56,111,180,238,380,497,673,835,859,807,616,467,367,250,151
2,3,4,4,3,11,12,25,41,77,113,186,295,435,612,773,839,841,717,569,440
4,6,14,28,53,75,160,229,386,659,822,882,810,677,532,430,295,213,137,82,61
5,14,15,17,22,49,92,132,220,322,440,579,649,801,768,689,588,394,309,187,134
7,7,11,16,24,59,115,166,234,434,580,758,938,879,714,611,440,334,194,138,93
7,15,15,22,32,55,61,75,137,225,317,432,583,683,895,780,650,539,387,240,165
4,8,12,31,34,54,69,117,217,329,433,596,725,799,775,688,554,410,315,231,133
4,12,27,38,52,96,169,250,465,651,810,920,861,760,571,369,260,177,129,68,40
2,1,4,8,8,16,17,27,56,88,144,250,422,585,789,940,805,790,637,456,336
4,4,12,14,15,28,23,40,60,106,149,252,391,505,684,781,817,718,625,522,359
3,4,10,9,12,39,61,84,100,165,218,255,428,551,632,771,700,646,570,445,338
9,3,9,18,20,17,15,10,23,39,53,79,115,181,267,370,544,646,859,832,787
4,7,10,19,26,53,86,133,205,352,494,754,786,794,710,602,445,330,236,151,101
5,10,21,28,53,104,110,179,242,375,520,585,724,790,670,617,477,394,304,243,126
1,4,11,9,11,25,52,71,130,157,230,323,575,658,858,992,771,671,487,330,194
2,4,11,15,19,39,44,100,154,239,359,497,664,792,901,771,638,426,327,258,179
2,8,17,27,34,53,97,153,249,446,709,866,892,893,731,601,425,297,191,135,61
2,4,2,10,10,9,13,33,38,55,76,134,184,296,339,492,601,691,794,709,657
5,5,20,17,25,20,34,61,81,121,150,221,340,365,538,577,656,695,583,535,449
4,15,20,26,26,33,52,78,97,125,175,278,408,555,731,879,818,696,539,359,294
5,6,13,20,32,57,96,185,249,365,572,628,788,772,713,584,456,366,281,225,114
4,12,7,9,11,5,22,33,44,48,64,83,187,219,341,531,655,724,768,661,587
4,11,19,28,53,64,110,151,263,344,437,548,628,691,778,671,591,449,319,242,169
2,1,1,3,13,24,32,62,74,115,212,317,475,640,797,901,801,621,546,366,277
1,7,14,25,48,64,100,178,228,393,603,721,874,876,749,585,447,302,231,170,92
3,7,4,8,32,47,68,113,156,212,395,538,724,772,808,774,633,508,347,238,154
2,1,2,7,5,6,6,10,11,19,38,38,77,127,198,336,468,543,702,786,767
3,10,19,38,72,150,247,384,572,701,810,898,839,659,488,350,247,133,91,74,56
1,4,9,15,12,30,40,90,130,245,349,544,760,835,938,837,567,464,289,195,113
5,4,12,17,18,31,46,112,183,352,490,569,734,767,829,691,582,398,264,194,130
2,1,1,7,5,29,19,19,43,93,138,251,392,675,879,823,922,768,641,421,300
5,1,2,4,8,23,28,51,58,100,167,335,521,651,793,868,867,721,561,370,237
5,11,11,17,20,39,62,83,169,298,418,588,815,911,863,712,560,430,254,176,117
3,7,2,12,22,41,91,126,261,396,521,733,853,906,848,620,463,361,215,119,91
1,2,4,5,8,15,17,26,52,89,140,231,347,488,645,801,803,758,688,478,361
1,6,15,35,47,109,197,237,458,585,759,889,888,758,603,437,311,190,147,95,50
6,4,7,16,32,73,154,240,349,435,520,700,769,883,728,584,415,314,228,108,88
9,9,22,31,39,69,119,210,262,406,509,735,833,875,707,589,463,327,230,120,87
3,1,4,2,13,21,59,112,153,250,383,572,796,1002,948,843,692,455,293,195,122
6,13,33,55,79,125,243,426,558,813,907,870,756,601,443,297,200,123,59,31,29
1,0,1,2,7,13,11,24,34,61,125,167,281,428,666,789,855,880,715,555,349
2,2,8,7,6,15,20,20,17,18,33,58,70,133,249,366,432,566,673,752,801
3,13,26,39,65,119,180,305,418,550,723,832,803,683,631,427,324,220,155,100,68
2,4,1,2,5,10,15,19,24,27,47,78,173,282,420,596,741,904,856,754,627
5,12,19,57,91,129,263,396,538,749,895,922,844,656,490,310,208,121,62,55,27
1,6,6,9,24,67,114,207,320,459,604,755,913,920,741,608,414,298,140,92,60
3,9,27,44,78,152,280,419,620,858,926,894,755,616,422,278,213,142,92,53,34
4,2,5,10,15,30,45,76,146,274,491,605,863,963,899,782,598,428,295,178,109
6,9,35,63,107,147,218,312,431,545,668,748,725,667,517,375,282,186,126,85,63
4,4,12,10,20,37,58,131,202,374,550,719,859,901,843,697,526,373,251,156,87
3,4,2,13,16,22,58,92,189,327,494,641,783,854,871,803,601,416,272,210,112
4,11,25,38,59,77,138,209,346,512,684,903,934,803,696,547,344,223,160,108,55
2,2,1,2,4,7,16,44,119,178,276,368,536,674,776,884,831,667,482,309,229
4,17,18,39,41,71,110,196,318,466,629,734,847,845,720,539,355,249,177,112,86
6,7,9,11,35,53,101,145,243,331,479,751,795,909,780,701,511,411,236,148,105
4,10,16,18,23,25,51,96,186,238,368,450,655,839,834,779,636,505,343,214,166
6,5,6,10,17,20,49,90,120,189,309,398,600,790,874,769,665,533,374,259,168
2,6,11,34,68,146,197,265,409,570,752,921,878,771,579,391,265,215,131,90,55
6,3,2,5,4,3,14,5,14,21,40,76,148,222,376,501,756,890,977,836,649
2,5,7,9,5,12,30,53,66,79,106,184,304,442,608,710,786,818,680,515,366
2,4,9,21,43,82,130,196,258,392,591,716,835,816,752,578,454,327,251,160,97
3,1,3,11,35,55,107,220,310,414,513,651,796,769,810,623,517,313,216,128,73
2,3,9,14,26,53,77,97,137,190,321,359,536,711,845,844,685,573,430,321,192
2,0,3,7,12,18,25,38,64,112,204,302,448,610,816,856,847,706,520,376,231
6,11,26,42,87,152,228,425,592,709,761,872,777,626,449,290,246,144,97,72,49
2,2,2,12,24,27,66,97,147,173,313,416,547,645,735,670,589,511,415,275,196
5,5,4,10,8,5,16,13,31,52,68,104,150,205,284,424,547,675,761,719,736
6,1,5,13,17,31,64,118,196,300,442,649,705,811,789,729,593,392,264,184,113
4,1,7,16,28,45,62,113,132,244,309,470,584,663,766,772,673,561,361,278,174
4,22,38,54,85,185,321,519,683,813,909,836,692,508,341,266,191,132,99,60,32
2,3,5,4,9,15,31,38,48,100,131,206,306,425,614,782,864,765,680,532,387
2,5,4,34,22,53,73,115,194,355,491,760,948,889,820,636,492,336,223,140,77
6,24,34,47,59,116,177,278,506,654,750,933,802,709,556,415,310,212,117,66,47
2,6,12,18,16,20,15,23,33,55,63,88,149,166,228,304,408,493,644,714,684
2,4,6,13,24,38,49,107,144,202,306,433,557,684,819,842,716,603,368,281,169
6,7,19,27,38,34,53,87,147,205,302,458,574,686,819,786,698,579,430,296,184
3,4,8,11,17,26,60,95,152,254,351,555,686,774,812,770,684,486,357,243,169
1,3,3,8,19,17,29,41,88,181,279,441,651,790,927,933,822,633,407,266,179
4,3,14,18,42,83,157,253,323,470,599,718,853,794,769,570,350,237,167,115,72
7,12,23,45,96,157,261,445,645,743,814,885,727,584,500,353,219,127,76,34,14
3,12,18,27,48,77,114,198,247,389,460,582,707,799,737,643,527,339,224,169,107
2,5,7,11,14,22,36,54,106,171,254,337,515,746,930,986,801,683,513,291,202
4,12,27,30,56,92,195,241,326,483,722,808,903,889,687,516,363,218,128,76,44
13,24,29,50,109,165,255,416,527,717,848,807,794,618,461,289,212,138,92,50,23
7,5,6,6,9,23,16,15,22,49,83,133,188,258,400,563,685,766,810,706,565
1,1,4,11,12,19,40,50,93,162,230,320,399,524,614,676,732,723,560,420,306
2,1,9,17,34,60,90,201,255,381,521,630,719,859,702,616,455,317,212,165,108
5,9,10,34,54,110,153,220,347,526,732,881,857,767,551,424,332,231,154,115,48
3,1,4,5,7,17,33,67,120,195,357,500,639,840,894,830,669,528,391,261,153
4,1,2,10,12,21,34,50,88,134,225,274,374,533,710,760,780,735,557,387,267
3,3,4,13,12,31,59,98,166,214,308,522,674,783,861,823,696,508,359,248,147
1,3,8,12,18,26,18,27,44,79,122,215,344,500,603,773,841,849,769,594,416
1,2,1,1,3,7,15,36,71,127,206,275,442,570,719,852,805,697,550,433,337
3,4,6,10,5,3,13,18,35,84,190,235,323,537,713,799,873,802,654,465,314
3,4,10,13,27,34,55,96,208,292,517,692,776,842,792,664,490,390,257,197,124
1,7,6,7,5,9,22,31,72,126,155,268,405,588,701,820,885,773,609,441,296
2,2,5,2,0,1,3,1,4,2,2,5,12,16,31,40,82,115,197,259,403
3,4,4,8,13,21,36,50,67,98,160,299,429,609,840,904,893,735,597,459,325
2,2,2,4,6,10,8,11,8,14,39,69,91,175,279,359,490,630,787,791,814
3,6,8,24,24,45,100,133,225,357,444,674,796,808,782,701,552,400,285,167,110
4,11,21,35,49,96,132,249,333,545,626,756,860,761,622,475,367,264,203,136,99
3,12,9,6,9,8,21,29,49,82,144,245,355,488,660,849,896,813,671,495,306
2,5,8,13,28,41,44,74,118,175,278,410,537,750,805,860,728,622,435,314,210
4,3,18,30,49,85,125,181,243,316,468,584,701,806,697,608,481,373,311,207,142
5,3,3,7,11,12,15,24,42,64,95,161,230,347,526,731,834,864,688,667,471
2,4,6,10,22,21,47,56,81,122,182,237,363,459,645,719,785,751,668,516,319
2,1,7,1,8,18,23,41,52,88,104,174,295,431,545,648,768,795,682,557,402
3,5,11,27,30,64,111,213,330,469,580,699,833,883,782,626,422,301,205,144,90
2,3,2,2,4,10,8,15,9,26,37,71,137,218,319,496,721,839,809,850,635
3,9,8,14,18,47,78,138,195,272,371,552,683,861,907,709,574,466,316,225,143
4,4,10,8,22,34,75,120,182,263,375,570,665,888,879,748,571,422,261,168,107
2,3,6,8,9,25,47,80,131,231,326,501,659,814,885,809,693,541,358,277,176
4,8,9,24,27,43,73,99,149,301,433,613,754,887,819,719,612,416,280,201,114
4,10,7,17,29,66,121,189,298,438,638,836,908,843,656,503,410,268,169,120,55
3,4,14,26,58,97,166,253,402,547,635,813,813,842,656,507,356,237,154,93,59
1,4,6,34,48,92,132,194,305,459,608,810,822,790,719,546,407,302,211,121,100
6,7,25,44,67,108,200,317,455,623,824,870,838,707,551,416,288,178,111,59,40
2,9,5,10,20,40,59,117,175,231,360,463,627,776,892,834,684,493,332,253,162
4,12,15,17,29,45,60,94,190,276,426,598,928,863,853,697,549,401,263,197,113
9,5,27,38,57,90,154,214,332,468,714,837,920,864,689,455,347,209,121,76,54
3,9,4,9,26,45,58,105,159,227,310,444,588,751,864,824,650,518,401,256,157
6,6,5,7,16,21,26,62,123,187,310,462,629,779,866,806,668,575,424,291,182
4,8,17,33,24,81,153,215,315,475,677,814,953,869,744,534,330,235,162,117,69
2,4,11,8,14,14,25,37,32,64,91,144,232,280,359,469,605,689,704,789,597
2,12,14,26,28,51,64,122,213,381,558,744,923,836,867,619,531,339,232,124,77
2,1,10,16,23,57,77,115,240,364,543,680,861,854,787,645,492,297,262,174,92
5,3,2,6,12,11,18,18,43,66,122,203,286,463,658,838,834,717,683,559,401
1,2,8,15,10,22,41,61,107,177,229,346,513,613,711,808,828,691,528,361,240
3,2,8,7,11,20,27,42,74,124,232,391,566,633,902,823,716,615,461,346,210
3,3,5,7,13,20,45,70,116,233,331,493,619,715,799,717,595,499,386,224,179
3,6,26,33,64,107,153,215,307,522,688,757,943,866,686,476,342,225,123,98,50
4,15,39,62,126,221,279,425,512,717,819,920,782,621,506,339,225,128,89,46,25
3,3,3,22,32,61,84,125,190,285,396,580,723,846,796,783,646,455,308,242,107
13,12,11,39,66,124,187,303,414,596,658,772,843,730,582,410,268,181,125,95,73
6,11,13,9,10,18,25,46,67,106,167,268,397,517,629,709,763,642,521,404,325
1,3,7,15,27,43,79,123,169,239,430,482,564,694,761,681,609,520,372,283,211
2,1,3,5,13,23,23,29,42,46,83,143,231,338,555,725,842,814,828,654,493
5,6,26,20,39,58,71,117,183,357,528,692,818,862,914,714,527,388,236,137,101
5,4,9,9,19,24,54,63,128,211,324,446,617,798,849,820,688,559,359,273,196
3,17,25,37,50,114,154,236,321,456,669,740,819,772,652,442,337,270,187,149,92
5,5,3,1,3,10,29,51,107,176,266,440,609,754,815,831,797,564,425,285,214
1,2,3,4,9,11,23,55,71,152,268,412,665,837,913,908,785,572,395,237,142
3,8,15,16,34,67,140,193,275,417,577,756,819,873,688,558,401,331,204,142,93
4,7,9,11,22,36,61,88,155,224,380,500,642,759,847,780,687,524,364,236,154
2,5,5,6,11,14,21,43,77,146,211,359,555,736,853,864,740,610,460,350,246
3,5,8,18,38,60,134,214,332,526,694,862,886,815,638,513,369,250,149,110,60
2,3,8,19,39,61,94,161,269,412,599,783,777,791,689,537,391,273,183,113,89
8,4,11,25,40,62,102,166,229,383,536,636,798,769,724,597,476,330,261,138,100
2,3,4,13,21,33,45,80,115,210,369,584,763,866,876,794,685,446,331,204,122
7,14,26,44,62,89,161,255,387,602,770,793,771,787,543,434,265,165,118,100,57
12,21,21,44,71,104,161,262,367,516,651,879,889,792,644,425,303,213,111,99,54
2,3,7,13,16,30,45,58,90,127,196,365,497,650,785,874,804,681,585,364,248
1,3,9,10,28,57,99,193,312,421,628,829,996,1014,818,539,362,222,158,109,75
2,7,12,23,58,77,138,210,289,445,556,742,795,770,664,541,439,312,230,111,79
3,6,6,18,27,37,37,95,163,273,376,511,658,822,874,791,653,502,345,233,163
2,1,2,3,4,5,11,36,61,95,148,280,373,566,692,823,787,650,584,415,326
6,14,23,50,66,81,120,154,212,359,442,622,796,723,771,623,474,383,237,152,83
3,9,21,33,42,62,76,131,157,254,366,557,710,821,743,799,622,392,309,217,112
3,1,2,6,10,13,14,14,27,25,41,61,100,201,248,346,399,503,620,701,661
3,4,9,15,10,21,45,106,174,207,278,461,608,685,740,829,657,540,406,317,259
2,4,5,3,1,2,8,10,17,23,33,63,88,109,201,310,416,613,774,834,788
2,2,7,11,17,15,11,30,52,79,152,252,362,524,702,866,891,814,649,519,330
1,6,14,31,64,78,129,170,322,431,535,712,789,761,646,555,392,289,171,118,83
3,1,9,10,18,22,23,38,74,97,190,313,465,639,882,985,878,705,568,361,247
6,6,10,16,20,18,20,34,58,74,116,179,260,404,587,781,888,776,689,513,416
11,1,2,4,3,2,1,4,8,10,11,15,45,66,96,187,299,431,564,828,816
4,1,3,6,22,49,81,125,208,318,438,617,715,831,805,739,587,451,325,196,129
3,2,8,18,14,36,41,85,121,162,316,480,667,817,971,834,691,520,390,261,173
2,1,4,10,17,33,66,126,182,254,376,532,646,716,862,780,651,488,342,228,150
4,8,8,20,38,66,118,178,294,435,556,806,796,839,753,579,431,305,199,142,90
3,6,5,5,13,9,12,17,51,83,133,201,313,420,599,682,860,887,764,489,361
6,8,9,10,13,19,24,53,81,122,206,332,513,693,745,841,767,610,449,317,217
2,9,9,25,40,55,88,115,182,258,385,539,762,798,861,695,626,405,269,192,118
5,4,13,20,30,35,64,104,185,287,366,529,677,808,779,787,611,439,357,225,156
2,4,13,18,46,64,91,137,183,310,491,656,743,781,777,640,542,342,275,162,124
5,16,28,34,37,80,147,228,368,508,742,804,844,816,679,503,371,254,163,105,67
2,1,3,7,8,27,41,78,152,238,347,514,743,929,919,789,615,469,291,196,114
3,11,18,35,38,54,103,175,227,461,561,752,878,848,800,656,402,341,221,129,95
4,5,2,2,11,20,32,40,63,91,170,276,441,660,872,985,858,708,557,376,275
4,5,7,10,8,11,16,9,13,37,31,28,61,84,104,234,346,541,685,778,850
2,5,4,7,8,5,10,22,49,59,95,157,269,429,657,744,893,821,737,672,480
8,12,24,30,65,93,127,178,243,371,457,686,755,819,760,635,534,330,225,134,88
5,7,16,19,21,32,47,66,108,173,268,355,614,662,775,834,700,612,478,350,236
2,2,3,6,11,6,11,13,10,22,21,41,77,173,240,367,496,690,807,863,784
3,7,7,14,15,28,28,44,78,115,201,260,389,545,752,854,858,728,608,447,274
6,17,30,51,56,71,100,165,319,465,682,736,743,710,710,534,404,316,197,127,83
7,9,21,37,58,117,156,239,340,465,689,810,817,787,635,548,374,260,182,153,79
3,7,10,16,35,56,71,105,200,332,477,658,762,820,762,672,553,416,296,173,119
3,0,5,3,8,24,24,50,106,153,220,363,486,664,750,761,798,679,543,351,260
5,9,13,22,36,59,73,116,194,281,413,534,684,740,820,752,601,463,354,245,170
3,3,3,3,18,34,75,114,162,239,355,469,657,714,819,809,635,523,347,216,140
5,5,21,28,40,76,91,177,231,402,547,711,807,807,746,626,508,339,271,171,93
2,5,5,12,6,7,10,29,34,37,85,146,248,361,524,711,851,849,724,601,489
2,5,1,7,21,22,35,64,130,217,320,437,636,782,790,829,631,549,408,306,189
1,1,4,7,9,23,29,24,42,63,103,186,295,453,582,738,789,763,808,610,429
2,5,15,30,51,71,90,169,267,408,571,658,766,771,781,556,408,324,224,155,104
3,7,14,14,19,34,52,98,152,255,376,558,698,796,836,756,661,482,391,265,171
2,1,2,3,4,5,2,9,16,32,68,92,161,212,366,522,688,750,962,816,723
3,6,5,14,38,64,130,188,300,440,598,810,955,945,749,553,360,244,165,125,66
6,10,13,16,24,48,61,127,202,324,473,622,682,847,805,721,559,439,310,202,132
3,8,8,6,8,12,27,44,82,122,213,284,573,727,849,897,766,650,520,375,287
6,4,9,16,43,70,136,237,327,515,680,730,932,901,749,535,362,245,140,91,56
9,16,29,61,103,178,277,389,582,700,760,745,732,570,482,329,233,186,114,64,49
7,12,28,32,49,77,129,172,260,401,537,685,801,840,807,640,450,286,203,134,93
2,1,0,2,5,18,40,95,160,285,420,600,761,907,944,795,631,431,304,195,135
6,5,12,28,62,110,151,205,355,508,631,764,783,761,625,532,388,279,200,141,95
2,2,2,3,4,15,31,32,42,64,120,215,323,476,687,782,842,741,635,571,365
4,3,4,3,13,6,4,4,9,17,29,40,78,125,240,359,616,810,965,899,766
3,4,11,11,14,36,55,72,128,238,343,470,645,760,798,783,708,544,356,212,143
3,11,14,14,33,59,109,159,222,287,452,586,732,836,807,701,577,391,281,185,117
8,19,38,52,115,159,233,354,509,682,824,850,828,616,510,348,237,134,82,45,37
1,11,9,16,29,58,54,100,137,182,281,397,607,769,877,758,628,491,373,271,177
2,1,4,10,29,54,111,194,282,421,630,746,756,821,651,546,430,329,250,147,82
2,4,3,5,6,7,5,9,12,25,47,85,94,149,254,444,590,699,783,896,731
2,8,5,17,43,45,55,98,158,282,413,653,816,867,857,735,518,381,264,206,112
3,3,6,18,24,27,29,33,60,116,215,316,414,569,662,688,785,674,587,417,360
5,14,34,40,73,129,207,279,414,561,682,807,799,807,706,498,339,207,135,96,42
6,4,6,10,17,34,42,67,135,207,362,433,556,686,748,761,676,522,403,266,184
3,5,8,10,19,41,55,110,180,298,443,546,771,787,893,723,619,480,306,212,132
3,6,2,8,5,10,16,28,38,53,77,107,122,194,288,426,531,659,761,714,700
2,6,6,12,29,25,45,61,125,201,370,465,632,810,858,842,695,560,411,306,187
2,7,12,13,22,34,47,57,107,123,188,257,387,481,631,718,742,670,577,463,377
3,12,23,32,55,70,105,216,322,445,672,734,873,783,603,510,393,268,174,144,95
2,4,8,7,17,31,59,67,143,217,329,476,635,725,895,777,675,559,356,245,189
4,5,8,19,30,62,117,192,289,489,628,781,920,819,726,613,349,260,161,83,73
4,13,18,33,61,69,120,183,270,309,407,564,733,776,741,688,504,379,276,184,131
1,2,5,2,15,11,19,28,36,59,78,154,247,369,520,713,835,800,686,651,493
6,6,13,24,51,61,82,154,257,394,527,728,811,831,709,522,446,287,235,186,87
4,9,7,11,14,27,50,94,133,188,315,421,597,722,817,876,803,651,503,345,201
2,6,6,9,3,1,4,15,29,47,74,161,332,523,731,918,985,826,656,483,328
3,6,6,15,34,63,107,162,232,351,464,590,786,776,744,691,568,436,263,170,88
5,2,1,8,13,33,59,95,165,251,351,524,661,764,800,696,672,485,384,254,160
4,2,2,3,5,3,3,4,20,33,33,60,81,165,238,324,382,546,632,754,708
5,12,28,43,82,167,246,439,675,749,896,863,712,556,447,335,200,126,95,41,46
2,15,27,44,81,142,240,312,432,615,729,864,781,690,552,320,255,187,138,86,47
6,8,22,39,70,103,162,278,389,626,810,893,908,748,620,384,283,189,128,71,49
3,9,11,23,32,31,60,77,108,185,298,404,499,670,834,928,779,658,428,261,200
4,7,9,12,29,44,59,84,139,238,355,458,628,789,796,826,655,541,355,231,158
5,3,5,16,44,68,118,185,296,390,658,862,875,857,758,568,415,283,149,95,71
5,1,3,8,17,14,31,46,73,137,184,333,502,682,781,819,790,690,524,388,292
4,5,11,20,44,74,145,251,430,633,792,973,936,739,590,399,275,183,125,95,49
3,10,3,6,7,16,20,27,49,43,110,121,229,284,375,576,754,796,795,718,584
3,4,3,2,6,3,4,8,8,20,24,43,50,76,124,201,286,459,580,712,819
3,5,2,6,14,22,31,54,92,155,254,385,509,708,826,906,823,577,430,278,205
6,5,11,25,41,67,156,252,368,509,716,834,805,748,619,502,328,199,170,140,70
2,3,7,32,49,70,120,236,267,446,608,779,851,812,670,510,352,237,174,124,82
3,14,30,51,93,188,306,451,565,706,765,866,734,586,447,286,198,133,100,50,29
2,1,7,5,8,11,8,12,16,24,32,43,80,112,194,291,400,537,762,812,750
2,3,11,24,44,47,91,173,280,437,567,726,780,814,773,604,426,261,182,165,109
6,6,15,34,67,88,165,243,410,551,662,777,847,769,644,444,318,198,138,109,41
5,8,7,3,5,18,39,47,67,139,228,372,487,719,934,900,795,639,468,376,252
3,8,17,28,46,59,103,215,291,401,541,721,894,876,790,604,395,287,204,99,64
5,14,17,25,36,65,96,188,323,513,668,790,905,914,717,561,373,239,201,109,82
7,16,23,60,94,143,198,377,521,692,927,964,881,668,506,331,198,133,85,42,25
2,1,1,7,6,7,10,17,19,15,30,66,126,155,260,472,726,927,936,841,647
3,2,10,18,35,40,69,129,154,261,367,484,599,746,758,653,528,455,289,211,171
3,6,2,6,19,34,23,37,54,95,162,237,329,485,642,752,797,741,621,550,362
1,0,1,3,3,6,11,7,7,10,12,21,42,60,87,119,203,302,446,555,860
2,6,1,5,5,11,23,58,81,160,218,335,508,743,777,867,772,665,460,374,265
3,6,11,15,13,28,48,90,136,189,299,464,664,793,838,848,719,581,378,317,181
2,1,4,3,4,2,4,5,11,27,65,103,189,325,453,541,661,719,692,611,541
5,5,6,10,20,26,25,34,34,98,133,239,376,484,628,695,831,754,656,545,426
2,7,16,21,35,37,90,121,217,297,477,695,800,811,795,687,551,389,270,194,135
2,8,9,17,22,65,108,194,343,460,674,758,859,778,748,553,373,262,196,137,85
2,7,27,30,44,76,82,159,224,351,526,671,844,810,777,606,451,357,252,165,96
7,5,15,12,19,35,56,99,151,236,338,492,637,741,848,843,745,555,371,307,189
4,7,22,41,72,87,143,209,359,506,617,871,872,771,643,455,332,195,145,86,44
6,7,12,14,14,27,48,93,111,205,311,480,607,807,935,870,704,565,382,201,165
2,10,19,26,60,113,177,215,369,540,736,857,801,747,637,503,368,244,158,101,62
3,5,11,19,18,26,54,115,184,320,522,744,901,921,818,640,490,384,220,176,116
1,5,8,19,18,28,42,59,82,170,268,443,600,680,781,776,632,565,446,305,207
1,2,3,8,18,29,57,113,187,287,373,509,763,803,885,737,627,415,339,194,109
6,4,3,3,6,15,28,60,93,127,191,338,472,675,827,855,794,638,459,274,197
2,1,3,8,14,18,18,37,100,169,240,332,426,697,846,819,749,578,416,295,237
3,8,16,24,35,46,80,157,217,369,406,587,702,805,671,742,552,389,288,192,138
3,2,14,27,59,93,140,246,387,581,726,911,848,796,650,467,384,256,148,82,69
2,1,1,9,18,19,45,54,69,95,123,150,282,350,531,654,734,780,701,550,406
3,21,18,24,58,97,177,282,397,620,723,866,935,805,654,480,293,217,122,77,46
1,5,6,16,29,67,90,159,233,361,426,630,726,825,836,705,594,428,310,192,131
4,15,18,53,88,167,245,377,592,882,1011,964,879,633,430,259,180,87,56,29,14
3,5,6,7,11,7,7,9,5,22,20,30,50,55,77,149,234,355,474,655,724
6,6,1,5,4,8,5,1,5,6,8,18,20,16,30,50,99,129,173,259,400
3,4,3,13,23,38,58,84,164,221,353,510,616,772,743,693,652,490,432,285,213
2,5,3,6,26,28,46,58,78,104,194,252,379,533,712,891,943,794,605,359,223
3,6,3,14,20,33,60,105,195,340,462,626,704,798,838,742,542,414,324,185,114
7,11,22,26,46,61,77,155,222,360,544,760,975,949,874,636,446,300,201,125,90
1,1,0,1,1,2,10,21,42,63,81,120,187,337,468,669,766,794,830,625,514
2,2,3,0,3,1,0,2,5,22,27,40,55,99,139,192,295,449,560,701,797
2,3,6,12,30,51,90,134,209,348,503,664,872,869,762,644,501,368,203,186,120
6,9,21,45,82,96,160,266,421,579,740,856,751,757,626,462,280,200,137,95,59
1,7,18,23,42,94,150,229,386,512,661,752,831,830,712,523,354,257,162,103,60
1,8,20,59,94,167,233,368,526,621,826,815,745,600,471,332,235,142,115,76,48
3,6,8,12,17,21,59,76,63,118,195,265,445,597,758,768,738,625,505,407,261
2,12,24,33,56,97,173,234,335,475,625,789,818,744,672,472,353,248,160,96,58
8,9,19,31,48,113,163,327,472,687,860,913,901,771,542,394,250,162,101,54,36
3,4,5,8,17,18,66,83,130,171,231,336,463,524,628,648,686,624,539,409,286
2,3,6,7,6,19,28,54,103,217,352,487,678,831,900,802,653,498,353,245,187
3,1,1,3,5,11,7,17,52,79,116,210,348,512,695,844,965,894,715,534,406
2,5,3,7,6,11,32,59,93,164,244,410,508,713,758,747,769,601,495,344,234
3,4,3,7,5,17,34,24,62,83,138,229,385,485,710,892,940,819,707,481,366
2,6,14,29,35,53,74,138,250,377,529,702,746,727,671,659,525,409,261,196,122
3,2,8,14,32,65,90,155,222,360,495,703,846,817,787,662,482,411,246,169,109
6,4,9,13,26,51,94,119,205,306,441,566,760,824,737,617,544,397,278,182,119
2,1,1,8,10,8,42,58,73,141,194,309,464,615,721,797,814,703,547,388,300
3,2,10,7,12,17,39,74,114,176,232,295,442,621,817,895,874,769,574,419,247
2,10,30,54,80,117,192,229,389,528,705,742,790,735,590,436,326,246,162,89,69
8,9,7,24,40,61,121,192,284,416,589,667,794,847,727,608,408,270,204,148,86
1,1,2,9,9,11,28,43,90,123,196,308,401,548,595,797,728,720,627,429,334
3,9,16,12,28,25,39,61,81,129,176,249,309,492,582,828,794,704,623,451,271
2,6,4,4,6,16,16,28,43,76,128,200,284,345,461,555,690,845,813,690,509
3,9,17,31,35,71,105,126,200,305,460,552,653,785,931,766,623,513,354,245,139
2,6,7,8,19,31,61,125,180,286,363,526,699,679,729,732,614,464,340,259,173
2,3,3,4,10,17,34,60,91,137,181,317,491,682,845,791,836,710,514,371,245
4,5,10,16,26,70,126,166,267,445,584,688,812,878,794,616,489,357,186,121,83
4,5,12,6,16,40,59,94,157,215,332,487,584,742,750,687,593,531,329,245,158
3,1,7,13,25,31,58,70,142,212,341,462,566,701,739,730,711,574,434,339,212
5,8,24,44,67,111,155,259,322,461,638,766,783,822,679,508,383,249,167,115,72
2,1,2,1,5,3,13,17,22,38,50,76,119,138,221,296,431,601,797,843,775
3,5,9,24,28,39,58,65,133,164,265,401,630,766,804,770,708,538,418,295,185
1,2,5,11,14,34,53,90,179,279,397,585,783,956,938,848,578,396,252,165,139
5,4,9,28,38,73,101,184,262,416,608,787,919,876,770,649,395,292,173,110,66
2,1,2,8,21,28,64,97,208,336,502,640,802,848,836,720,506,381,279,198,127
7,9,14,35,61,115,200,310,446,646,714,842,867,760,580,442,310,214,151,99,73
3,1,1,1,3,8,14,23,33,62,77,132,241,363,487,585,698,814,819,704,496
3,10,30,46,90,157,190,263,460,627,749,920,774,797,571,413,247,201,125,65,41
3,4,4,11,35,52,82,105,154,231,324,476,618,765,854,789,684,517,350,224,173
8,7,17,44,49,118,182,273,440,665,799,878,815,646,561,387,304,155,95,69,33
4,7,11,12,18,17,21,21,24,42,58,113,179,229,336,526,606,706,762,715,612
4,4,4,10,18,26,36,73,142,232,400,597,778,811,820,783,654,503,364,235,152
5,3,12,16,34,48,68,89,109,156,273,335,469,655,769,732,783,627,474,382,236
1,4,10,10,16,9,24,44,40,98,171,278,336,583,756,811,806,719,637,492,322
3,3,8,18,21,28,52,62,95,157,282,418,538,683,769,772,745,624,450,350,221
1,2,2,6,7,13,16,34,62,104,187,299,456,630,850,1003,869,708,566,417,255
3,1,7,6,3,10,14,26,39,51,61,120,173,296,433,530,740,772,763,695,573
5,3,4,2,6,9,22,30,62,80,151,258,406,530,679,773,789,848,688,537,334
5,17,34,72,107,224,333,507,613,863,983,891,706,537,345,222,145,86,71,49,17
4,4,12,32,60,70,160,238,402,518,700,824,939,754,619,524,370,234,156,78,50
1,0,2,6,8,16,24,33,43,86,101,152,230,339,508,655,744,839,716,606,431
3,4,1,2,3,0,2,2,2,9,22,34,48,54,102,183,256,344,501,663,743
3,5,6,5,8,8,24,35,38,57,63,117,148,256,411,515,630,773,778,715,580
1,3,2,2,4,6,11,23,45,67,112,148,284,383,554,713,813,785,771,590,508
2,3,14,32,45,75,134,218,366,538,755,860,955,904,694,526,339,207,128,78,51
2,1,8,4,7,28,44,80,125,171,314,373,596,803,806,856,782,641,448,305,177
4,16,33,57,106,178,336,488,680,788,826,782,665,536,405,282,177,129,87,60,43
1,0,1,4,8,15,11,25,30,31,47,78,91,162,266,398,547,668,771,761,699
1,4,10,16,34,35,41,74,139,198,304,432,643,766,903,779,654,522,425,302,166
6,20,25,28,44,53,89,129,216,274,498,685,828,962,949,680,475,367,257,166,110
1,2,7,18,22,43,57,117,182,295,383,556,680,783,733,787,587,464,311,212,166
7,6,13,23,33,38,63,76,149,224,362,459,559,769,761,715,674,489,383,305,171
4,7,9,26,48,99,140,237,347,524,750,821,933,841,671,485,318,214,121,69,34
5,7,22,18,18,35,45,92,120,210,323,413,617,797,909,914,715,575,396,235,158
1,2,9,5,13,19,36,43,81,89,148,248,343,478,633,768,810,730,609,474,350
3,6,5,7,11,13,19,42,47,88,148,242,343,495,591,756,745,787,590,485,327
4,7,17,29,29,38,70,137,202,314,429,555,804,844,893,733,576,374,227,185,110
1,0,1,5,11,18,37,65,116,197,296,418,544,743,835,852,735,576,427,260,213
3,17,26,36,44,77,163,239,345,448,613,745,759,773,667,587,391,267,197,112,72
3,13,25,29,33,81,110,179,277,438,568,677,828,787,724,622,482,308,217,141,92
5,9,15,19,27,44,84,143,222,315,450,624,779,806,774,665,483,374,249,158,104
2,3,2,1,1,4,10,23,31,62,90,162,254,391,568,717,788,822,820,661,489
2,5,8,11,14,16,34,43,69,118,174,242,351,513,577,681,699,760,631,517,384
4,4,7,15,13,29,58,94,162,233,356,534,676,791,884,817,670,494,362,191,139
4,8,11,17,22,24,37,90,160,273,406,594,742,788,860,819,637,463,339,201,131
2,5,8,18,16,24,32,59,108,153,283,368,464,709,901,869,672,621,436,308,224
2,0,6,6,5,20,31,43,80,153,213,302,426,560,704,817,871,746,630,450,287
1,4,6,12,16,22,41,93,180,245,415,536,621,797,842,757,645,454,329,209,140
3,0,2,5,5,7,9,13,17,7,20,29,27,86,123,219,267,351,507,672,778
1,3,19,27,52,66,95,165,229,322,410,556,638,760,767,712,557,440,312,215,126
3,3,9,14,20,17,35,64,102,169,224,304,414,499,637,701,697,637,544,432,327
5,10,12,15,29,39,83,120,215,241,381,495,664,841,757,763,566,396,322,209,134
3,5,18,23,26,47,92,151,267,403,647,765,862,909,755,577,394,292,182,138,92
1,1,3,7,22,50,102,160,303,467,633,743,849,877,762,601,423,316,200,139,69
3,2,1,2,7,8,4,16,27,43,86,145,216,312,501,724,938,855,822,649,542
2,9,7,7,21,19,18,12,13,25,65,86,114,215,279,396,545,709,849,795,695
7,5,17,13,18,41,70,120,207,306,419,587,833,907,856,769,594,403,283,193,145
3,3,3,2,5,5,9,10,12,9,10,14,10,17,18,61,90,114,163,289,400
6,5,10,16,22,36,66,119,181,321,515,606,728,835,827,700,548,415,301,213,102
2,5,10,10,28,50,75,126,182,234,336,478,646,782,884,851,662,518,386,279,196
2,1,8,3,12,14,12,16,25,41,78,108,186,296,474,689,884,905,896,693,475
5,12,8,25,50,86,139,224,334,402,629,768,877,845,757,534,410,287,187,145,83
4,3,4,5,3,1,5,6,6,23,8,12,13,23,28,40,77,116,175,285,435
6,2,10,8,4,6,15,20,36,55,80,157,202,345,474,585,729,773,676,641,537
2,1,4,1,2,5,8,8,16,25,49,99,212,317,443,580,753,853,828,707,584
5,6,4,4,3,14,26,39,61,85,111,209,266,469,655,843,806,853,719,524,365
3,6,20,50,54,96,198,256,322,453,572,696,779,765,675,540,412,276,150,104,71
2,2,13,13,18,31,74,97,100,164,231,391,618,785,861,859,799,584,442,300,207
5,5,6,5,5,13,15,16,39,47,74,93,126,186,290,403,624,720,824,854,769
4,3,7,7,5,12,21,33,54,67,111,195,332,523,752,935,972,785,677,496,285
2,5,12,14,14,29,39,67,101,192,317,456,599,745,816,745,711,542,440,311,226
5,3,4,10,9,9,18,27,51,67,122,185,248,380,504,624,742,826,754,669,521
4,5,9,6,5,1,12,22,50,68,114,186,308,444,649,775,771,795,684,529,361
6,6,12,20,31,42,79,113,151,219,307,493,579,745,850,776,645,499,390,228,167
3,0,2,4,8,20,19,50,71,103,189,298,463,603,761,815,793,670,551,432,296
3,6,11,17,33,31,55,96,157,233,343,556,743,880,890,780,574,440,304,246,170
5,9,28,43,71,140,252,341,536,796,934,903,830,649,443,309,231,135,85,51,27
2,2,4,9,17,24,26,59,96,134,214,348,468,744,877,842,722,611,519,344,231
1,3,7,16,24,45,80,84,140,200,303,476,610,788,843,872,789,569,397,263,197
5,11,20,15,36,59,100,139,194,382,529,709,825,820,793,676,538,379,219,140,100
3,3,3,4,4,4,8,10,17,35,58,85,141,208,330,402,510,625,683,687,687
4,5,12,10,17,19,33,73,99,115,156,245,392,532,652,769,879,707,603,444,331
3,2,6,15,20,23,43,67,70,112,182,265,397,547,742,765,801,749,650,482,309
3,2,5,12,19,41,48,100,131,229,393,561,776,854,1005,917,638,453,318,211,138
2,3,5,4,8,14,41,41,60,154,237,293,381,579,717,751,772,670,596,415,375
4,10,4,3,13,26,39,60,98,172,277,430,625,830,985,936,781,528,422,219,146
2,3,1,2,1,2,6,18,33,55,87,109,176,205,391,499,642,775,824,724,622
4,5,15,30,35,38,66,152,229,341,487,608,782,752,726,599,542,370,239,196,126
4,8,6,12,18,55,61,74,123,228,348,509,686,796,783,720,586,524,362,284,174
5,3,4,17,38,71,125,261,373,546,707,825,850,763,635,483,367,240,178,122,73
2,3,8,13,27,60,121,203,319,440,621,750,834,784,673,543,392,271,163,149,77
3,2,5,12,4,13,22,44,84,162,240,386,514,622,733,761,831,642,513,363,256
6,3,8,8,6,19,42,66,182,261,415,600,703,833,901,778,683,526,342,228,159
6,10,20,23,33,111,141,202,289,492,691,805,890,884,649,571,395,246,173,93,55
1,6,11,20,20,38,53,124,186,258,377,586,684,938,925,773,613,478,318,195,103
2,6,6,12,15,32,74,132,162,257,418,496,616,775,798,751,676,476,335,258,164
5,11,9,19,27,49,96,166,246,368,525,660,844,860,835,606,453,301,198,115,68
2,3,11,17,19,28,45,72,160,220,374,565,716,844,811,736,624,497,352,223,167
5,5,7,4,6,7,10,15,14,27,28,47,76,103,152,229,338,514,684,822,842
2,3,3,6,19,52,78,140,252,368,596,801,968,938,799,625,468,275,212,113,78
3,3,7,13,39,61,94,172,252,407,522,720,812,914,827,678,507,303,197,112,79
2,2,4,7,8,6,14,17,27,48,77,124,215,334,502,549,678,783,782,666,510
3,4,8,9,8,7,19,38,34,53,88,141,254,369,594,749,768,832,763,593,463
2,1,2,10,13,28,64,117,140,219,355,465,658,763,782,791,679,523,386,258,196
3,2,8,16,18,30,48,89,162,281,375,508,721,815,756,733,613,466,322,224,151
4,3,9,16,8,16,19,24,47,67,116,166,292,445,569,733,775,733,701,542,391
7,5,10,3,5,14,34,41,62,119,207,313,490,724,875,975,884,738,518,333,221
2,2,7,17,36,51,95,130,223,336,481,635,781,836,809,741,555,392,252,162,120
1,4,1,7,30,44,71,82,144,251,364,523,750,881,908,903,619,487,401,260,157
4,7,14,25,34,87,193,284,478,620,861,1001,947,837,538,369,232,138,111,66,33
5,9,6,14,26,56,96,158,275,450,622,794,941,956,773,617,377,305,172,97,47
4,6,10,10,13,37,62,85,143,183,266,389,498,577,640,733,721,602,506,350,257
4,20,50,58,106,211,325,485,699,824,982,900,706,474,324,196,136,80,52,31,29
4,10,12,22,23,33,48,67,102,195,284,456,617,712,884,839,746,549,431,284,190
4,3,2,7,4,4,9,18,28,56,62,140,289,454,615,772,963,985,796,582,412
1,1,4,8,3,4,14,20,73,108,182,257,415,517,694,795,862,810,701,576,364
5,9,19,28,21,34,41,50,93,178,312,440,581,725,882,829,723,543,421,326,198
2,11,25,38,60,86,149,247,308,463,580,777,799,760,615,483,340,231,139,92,72
3,5,12,19,17,28,47,87,152,210,307,481,620,813,936,890,730,491,332,188,140
4,9,8,18,32,37,62,111,183,293,467,670,903,956,912,777,580,331,231,148,102
4,8,15,20,20,51,118,199,271,282,447,585,671,749,766,636,492,406,294,208,131
3,3,8,19,32,43,64,110,179,243,397,627,788,895,873,819,562,394,280,201,114
3,7,7,11,17,22,34,64,130,191,302,467,629,826,956,854,742,548,338,270,166
5,13,18,28,47,50,90,125,185,282,433,544,648,694,783,738,658,479,354,224,149
3,2,6,15,27,52,93,145,242,332,495,691,865,872,851,758,546,344,224,145,86
2,1,2,2,10,11,27,29,51,81,129,208,353,531,681,705,865,816,728,588,403
4,12,19,20,22,48,57,68,90,137,211,338,527,635,725,694,712,641,526,372,291
3,8,7,7,10,31,61,82,153,227,269,389,499,549,599,698,728,628,479,334,254
1,2,2,1,6,9,23,22,28,42,59,77,102,179,328,419,595,783,855,776,605
6,20,39,81,124,240,370,523,652,797,857,859,675,543,399,254,166,102,51,23,18
3,5,12,17,23,48,74,122,200,341,463,572,770,841,787,694,539,432,273,171,106
3,3,8,12,22,24,24,34,71,132,239,372,533,763,907,980,812,705,441,294,175
3,2,2,0,3,2,6,5,11,24,46,84,129,181,286,366,632,746,854,820,793
2,2,2,6,13,8,13,26,52,64,86,141,230,371,499,670,758,732,790,679,510
5,1,7,9,20,29,46,97,163,256,354,473,604,748,769,763,646,492,379,291,172
1,1,5,5,12,29,45,70,136,189,281,436,603,818,875,877,724,590,379,265,171
4,5,14,24,48,91,140,248,367,620,860,912,857,780,648,427,286,177,101,83,46
3,7,5,6,29,40,89,121,234,374,488,673,777,855,754,655,569,399,242,206,123
3,5,10,17,23,34,35,50,56,71,118,198,270,369,531,726,794,809,828,593,405
6,6,12,46,64,117,160,287,440,575,708,814,793,762,654,481,387,252,161,101,63
4,11,22,24,31,33,59,69,134,257,316,463,637,779,881,748,620,475,373,293,156
2,5,11,20,42,86,160,223,322,458,586,766,823,793,726,551,401,292,203,144,86
10,13,38,54,90,117,198,329,433,659,748,835,842,672,620,365,241,175,121,88,55
5,5,24,46,80,133,219,349,470,702,812,851,836,817,569,359,253,118,72,51,24
1,0,3,6,14,22,27,54,107,159,286,399,521,684,763,770,726,608,505,340,245
5,2,5,9,18,33,28,66,116,201,326,436,671,769,788,769,735,574,379,322,192
4,3,3,6,5,16,16,32,28,54,89,138,204,307,432,629,785,756,770,686,587
2,4,8,15,51,74,111,168,248,366,562,704,793,916,746,593,443,304,204,140,80
3,5,15,25,38,68,151,198,339,431,503,608,772,807,713,580,490,364,243,154,106
1,5,6,13,23,27,54,95,175,266,426,607,744,788,778,749,574,400,300,198,141
3,1,4,11,26,48,74,91,129,200,293,343,450,650,777,763,716,562,430,292,220
8,9,22,19,36,40,102,162,305,462,602,785,869,848,716,574,437,286,185,137,84
5,7,5,12,29,51,87,101,151,229,385,535,722,893,892,794,613,462,291,177,119
4,8,15,26,33,95,160,254,405,580,782,874,886,771,626,478,318,192,122,69,55
1,3,4,10,8,19,24,32,68,131,234,344,459,605,694,763,719,637,441,409,296
2,1,3,6,16,18,28,53,89,118,256,357,513,699,889,833,698,607,401,290,229
3,18,25,39,87,132,172,255,409,605,822,861,853,742,601,424,273,195,122,79,46
4,10,30,43,96,164,241,391,499,620,700,804,844,703,540,403,267,166,114,81,59
2,7,11,21,46,76,96,148,216,337,463,599,683,707,756,676,517,415,268,209,143
3,7,2,5,16,27,54,58,123,162,248,354,482,604,665,670,755,760,587,437,302
3,3,5,6,6,13,34,45,73,113,169,201,277,379,511,651,792,776,692,555,433
10,6,9,6,27,36,49,75,100,175,276,358,498,628,679,742,788,653,542,400,285
1,1,3,14,18,23,41,70,138,215,300,384,457,602,686,840,712,607,486,330,292
4,3,10,9,16,18,24,38,71,121,180,321,438,561,736,814,819,677,584,438,317
3,1,2,2,6,13,16,37,63,116,202,334,455,629,757,907,866,703,499,361,242
3,4,4,12,11,35,54,91,173,259,377,456,638,744,833,792,707,538,394,264,208
7,15,28,50,73,123,215,389,515,658,784,857,759,690,577,394,226,121,104,62,54
1,1,5,0,5,7,4,4,11,14,18,34,49,69,123,215,332,470,568,696,759
3,4,7,17,21,46,82,109,193,252,421,580,657,831,843,701,596,466,341,246,124
3,9,10,8,9,28,53,92,143,194,310,488,641,796,876,842,668,536,346,226,172
5,5,12,17,17,36,47,88,119,183,271,438,559,657,698,774,768,628,435,299,220
4,10,26,48,67,120,176,229,388,602,709,835,875,733,525,445,295,225,149,84,55
3,3,2,10,7,4,16,29,60,59,88,139,176,304,415,566,643,840,797,783,588
2,7,25,49,63,125,177,291,395,509,584,698,763,760,610,438,303,259,203,131,62
4,9,22,46,70,148,272,411,638,795,969,923,848,676,475,283,150,101,63,45,31
3,2,7,9,12,15,27,47,90,163,281,431,617,760,843,874,754,595,501,283,197
4,12,10,26,62,110,148,242,331,547,651,848,863,742,697,471,343,255,168,113,74
1,3,16,19,26,40,73,108,207,322,519,703,830,906,800,675,477,316,243,151,98
1,2,0,5,10,17,37,46,73,145,237,398,526,726,829,766,776,618,439,312,252
4,3,14,11,15,28,80,117,260,416,589,743,830,752,788,699,496,362,236,145,100
3,13,21,41,100,178,252,334,509,719,894,896,750,573,462,336,258,179,149,76,53
4,11,16,47,91,164,276,340,521,636,753,899,938,768,581,349,259,170,116,66,35
4,2,3,4,10,15,33,38,80,118,185,290,421,590,743,874,788,697,531,401,251
3,4,5,9,8,14,23,30,66,122,214,364,545,744,878,944,861,700,483,345,216
4,7,9,9,4,6,9,18,31,33,64,111,172,226,327,471,604,659,795,711,690
3,4,14,27,55,95,182,283,467,609,697,825,848,702,587,446,323,228,141,88,45
4,9,14,20,43,63,79,105,191,278,459,642,783,890,873,680,536,394,273,190,135
1,7,9,15,27,49,102,154,242,397,506,671,790,852,789,683,485,315,238,156,98
1,0,4,6,15,18,27,32,51,79,138,178,279,413,617,726,860,884,767,600,386
3,2,11,8,12,16,29,46,69,89,120,223,316,466,710,786,874,790,691,544,415
4,8,9,12,20,23,42,69,121,248,352,522,659,779,871,847,703,567,371,250,139
4,4,2,3,5,8,19,63,104,195,269,441,663,693,740,775,704,642,496,323,219
2,2,11,14,13,8,17,47,86,138,220,312,469,626,832,837,783,682,486,333,227
4,3,7,11,34,52,93,139,293,390,587,727,806,819,745,577,427,375,229,163,120
8,14,6,7,11,9,10,11,13,26,41,76,136,184,294,451,617,696,821,787,750
1,3,7,11,22,25,36,66,102,187,265,384,653,708,870,857,686,568,408,314,218
3,2,2,4,5,3,5,6,12,1,4,1,1,3,5,2,1,5,9,26,36
9,10,12,22,59,92,157,253,370,571,777,847,912,739,599,433,291,187,130,86,61
2,5,7,15,36,53,84,133,229,329,468,699,825,847,868,708,523,344,253,162,88
2,0,2,4,5,18,17,41,48,79,93,189,298,369,431,615,730,765,692,612,522
2,6,8,15,28,74,100,168,245,361,557,744,822,803,725,649,444,315,220,125,96
4,4,7,12,21,37,29,58,125,245,359,529,812,956,940,801,630,448,305,200,151
3,14,11,15,30,56,84,134,194,298,443,632,813,916,926,718,579,429,265,122,84
2,4,9,20,36,48,73,149,210,325,418,560,669,818,776,725,591,428,302,247,171
4,4,1,5,11,33,41,70,113,159,262,452,662,888,938,847,766,561,398,232,152
4,6,11,34,62,115,214,377,483,527,622,687,708,681,580,501,350,283,199,134,60
8,12,8,6,8,10,9,11,17,28,69,106,128,238,356,542,699,876,938,797,664
3,3,2,3,13,26,51,90,137,165,274,372,601,728,806,818,768,584,431,285,208
3,4,12,15,33,44,73,144,237,394,487,715,828,895,778,646,451,298,219,151,111
3,10,28,26,34,60,72,157,246,414,549,722,821,745,734,615,442,332,239,148,99
3,3,6,5,4,8,19,19,32,47,62,122,176,234,280,366,493,667,780,834,724
2,8,13,14,34,55,113,191,284,497,673,832,983,861,748,593,416,239,197,115,77
3,2,3,4,8,19,34,51,102,172,243,355,499,682,837,804,812,640,511,318,210
6,3,5,2,9,9,20,35,77,74,120,170,280,367,478,640,687,727,716,591,499
6,10,39,55,107,162,231,414,528,676,839,891,817,729,523,308,177,125,78,40,31
2,4,15,10,34,45,74,93,144,258,389,520,714,836,876,880,608,474,332,191,136
2,4,10,16,4,5,17,31,74,110,168,335,456,569,714,826,749,693,561,404,293
4,9,16,34,36,86,109,181,219,314,456,586,782,798,682,656,432,342,268,224,172
1,2,4,9,2,9,18,16,36,58,56,81,129,149,216,301,378,531,653,690,770
2,1,2,4,7,5,8,21,58,62,107,157,285,401,558,692,819,819,732,632,397
5,14,17,7,8,10,12,7,10,18,24,45,77,140,227,377,528,638,788,842,844
2,3,4,18,22,50,68,90,129,209,350,533,663,750,899,737,647,483,385,234,177
5,7,8,21,11,17,25,42,96,131,186,272,384,535,717,761,853,766,661,447,296
7,2,11,6,10,13,20,36,48,90,150,247,354,579,734,795,789,750,614,460,303
4,3,4,4,13,24,50,72,125,192,253,447,616,788,845,879,772,536,395,235,156
6,7,13,15,24,59,84,158,227,334,530,733,870,846,769,755,528,357,226,162,83
1,4,9,17,21,55,98,171,270,423,577,864,950,841,743,588,370,283,160,111,79
3,2,4,1,2,2,2,2,3,8,5,24,21,40,62,93,177,258,355,491,633
2,2,7,23,46,77,136,248,384,539,796,894,914,799,642,516,344,204,150,71,55
4,6,15,15,27,45,79,131,195,352,506,698,863,918,825,615,506,319,204,150,101
1,1,3,2,10,7,23,44,79,127,183,271,362,469,646,796,814,764,609,574,438
4,3,5,6,7,19,16,21,29,46,40,67,103,163,246,394,447,536,655,732,690
2,3,6,7,17,33,53,84,146,266,434,603,807,831,852,717,611,478,352,247,142
3,1,3,5,10,17,22,42,72,133,219,354,473,573,738,847,840,741,569,402,238
6,6,15,32,53,100,126,236,312,499,718,877,866,777,633,464,326,248,184,120,70
10,21,31,34,66,107,206,303,466,616,709,812,880,730,613,422,250,142,118,59,37
3,10,14,19,41,51,65,124,170,285,486,599,812,837,842,640,517,364,229,146,100
1,3,3,3,7,13,20,26,37,76,106,161,210,274,413,603,750,799,792,684,570
5,2,4,0,4,7,6,18,27,47,89,159,275,428,621,768,915,922,791,619,424
4,3,11,23,67,100,158,246,407,658,839,933,838,702,561,384,285,196,124,79,67
3,1,3,1,4,10,17,20,28,39,71,94,151,233,334,500,711,830,853,736,658
1,5,2,5,12,24,28,33,46,75,158,281,415,523,680,831,847,715,624,426,298
3,9,5,8,23,20,31,79,114,199,313,428,587,816,878,846,716,571,416,287,180
1,2,1,2,15,17,35,65,97,160,258,391,494,696,789,876,751,697,493,307,229
9,12,31,47,91,167,225,387,493,687,810,926,849,660,533,309,237,163,111,95,51
1,4,5,20,40,60,97,164,282,355,481,671,767,821,837,683,540,419,277,188,112
6,6,13,16,16,34,61,88,132,256,392,566,708,844,835,783,640,448,303,221,146
3,7,24,35,76,117,204,269,369,597,742,818,879,818,649,456,314,222,105,83,55
4,10,14,33,43,74,98,145,255,393,543,639,821,788,703,591,469,338,239,170,117
1,5,12,16,20,24,34,50,55,106,130,222,332,517,684,720,709,692,636,500,338
4,4,1,5,16,24,42,67,120,217,348,502,585,684,750,798,702,565,405,278,229
4,16,13,31,64,101,156,222,266,456,570,765,759,887,732,604,404,252,178,142,84
3,2,4,7,9,15,19,33,65,96,128,190,253,366,535,674,806,823,793,637,447
6,8,18,24,55,77,111,198,355,484,618,735,809,838,710,508,396,256,195,114,81
4,9,11,12,11,24,25,33,48,80,168,282,383,473,616,637,725,746,635,485,370
2,6,4,17,23,46,77,134,198,341,491,687,766,807,678,609,530,342,279,191,134
3,3,3,9,7,15,30,79,95,122,195,341,482,591,711,761,788,677,540,418,288
5,19,25,56,97,197,314,419,602,756,858,896,768,633,498,346,193,159,68,41,22
3,13,11,23,33,52,79,120,177,266,390,513,679,748,835,792,639,455,332,238,177
3,8,14,35,62,82,132,190,267,404,538,698,831,896,779,594,429,323,209,130,119
1,5,3,11,22,22,39,76,156,264,388,592,732,816,847,748,598,448,281,215,136
2,3,8,14,24,45,113,179,273,398,608,684,854,863,857,603,395,281,189,142,97
4,7,12,22,50,96,160,280,424,502,639,877,869,831,637,467,303,210,154,100,64
2,14,40,53,66,110,166,191,326,467,709,765,808,765,607,457,295,219,134,100,55
6,16,31,46,60,87,136,217,281,409,509,636,748,692,618,548,446,333,232,175,101
2,8,6,8,16,22,24,41,65,80,150,248,375,572,663,926,882,735,630,454,379
3,2,6,5,4,14,23,42,80,144,241,362,523,699,808,842,806,652,517,330,220
4,3,19,24,41,62,90,131,199,297,384,561,670,828,789,755,601,463,342,208,136
1,7,1,7,6,3,4,10,12,28,52,92,126,190,315,393,511,672,764,804,759
2,4,1,2,8,18,22,41,35,72,114,198,262,422,522,755,807,810,747,620,479
4,6,8,20,13,24,39,68,99,127,204,309,472,563,651,727,717,677,560,388,288
7,7,17,29,54,121,138,304,433,616,741,837,833,687,581,447,296,189,154,105,70
5,8,6,18,35,37,43,63,80,132,181,262,388,507,627,703,725,655,559,456,349
1,0,3,10,25,62,109,136,190,305,443,614,701,826,829,736,662,463,252,166,111
5,1,9,3,2,1,1,8,8,11,11,22,49,87,134,214,336,530,724,773,840
9,4,12,15,37,38,70,123,168,272,364,505,649,783,774,692,633,464,356,230,147
3,3,3,8,19,43,79,95,141,245,295,477,633,791,839,762,656,527,367,260,180
2,4,12,9,20,29,57,81,144,208,309,483,704,852,964,912,628,484,342,229,144
4,8,26,33,54,72,106,139,216,334,544,602,797,857,803,648,497,375,261,173,122
3,7,7,19,38,30,44,75,136,264,396,501,638,737,817,778,642,546,414,299,166
3,5,16,34,43,77,134,205,330,547,738,874,981,833,640,491,389,212,146,71,54
2,2,0,4,6,13,14,35,64,108,171,255,346,500,608,789,964,891,728,502,371
1,1,9,5,10,13,16,36,52,70,120,194,285,440,524,688,773,832,727,610,363
4,5,4,9,6,12,19,20,44,62,97,154,250,397,535,663,830,842,665,543,445
4,2,3,2,11,7,14,16,24,35,48,72,116,215,373,621,863,979,965,834,604
1,11,29,43,100,132,190,292,426,677,879,912,751,674,524,423,281,190,127,79,55
4,6,8,10,8,21,32,29,46,75,111,173,248,393,510,689,835,784,749,641,459
3,4,5,13,22,38,70,144,214,361,550,762,929,933,855,672,507,322,213,126,59
2,2,7,14,19,30,43,69,107,202,315,483,654,803,847,791,702,578,407,309,169
4,3,1,3,4,3,4,4,6,6,10,19,23,19,35,53,97,156,231,358,526
2,2,5,13,32,68,144,268,414,567,806,824,890,796,615,494,322,204,110,66,50
7,11,11,11,15,10,25,22,22,47,103,195,292,354,486,652,848,854,815,621,468
3,7,21,26,32,65,117,147,193,294,401,588,715,741,725,644,502,400,247,215,132
2,7,22,29,60,90,153,276,433,618,802,869,884,814,579,436,325,208,138,79,44
2,4,2,4,10,21,46,70,119,202,359,543,714,859,909,806,679,504,368,241,143
9,20,20,40,63,103,167,224,366,500,678,905,1009,857,636,476,340,220,129,89,39
4,7,17,37,45,86,149,246,369,488,717,745,866,809,649,470,345,229,146,77,62
3,3,6,11,15,29,55,66,121,205,258,441,617,721,809,754,712,508,391,309,194
9,17,20,40,75,101,109,196,260,368,546,689,810,848,711,567,420,278,249,158,97
4,2,3,5,3,10,18,27,46,92,157,269,410,589,751,881,867,802,572,476,317
1,6,16,16,40,39,58,62,68,98,151,235,311,464,567,610,706,629,638,459,448
2,5,6,8,8,15,36,82,131,226,375,571,686,843,875,790,688,450,345,223,138
1,3,3,4,7,5,1,4,9,27,39,62,89,174,277,419,612,772,842,833,725
3,5,5,11,12,10,21,38,53,82,151,264,357,475,682,830,821,830,657,495,358
4,7,8,10,10,6,6,6,12,20,28,70,116,184,237,393,507,673,844,832,718
1,2,6,8,13,19,42,67,141,171,267,433,583,689,859,805,704,512,436,304,208
2,1,3,4,5,9,6,3,11,17,49,89,115,188,339,409,581,679,869,808,769
2,4,11,20,24,46,78,128,217,319,518,657,775,824,828,717,564,366,270,192,127
4,13,21,31,26,49,75,166,260,344,501,595,750,796,803,635,463,367,233,167,95
5,4,14,32,36,75,112,183,255,373,521,669,706,757,747,694,541,353,235,155,95
2,2,3,2,1,0,6,5,5,4,8,18,28,51,103,171,264,369,537,735,803
1,6,7,11,17,19,25,35,64,143,250,355,530,806,866,961,809,614,492,341,221
4,13,29,42,70,90,156,230,384,605,792,878,897,802,666,437,285,185,123,60,52
3,7,9,16,46,71,160,243,373,533,583,737,840,770,646,540,358,248,191,104,85
3,5,5,17,21,52,93,159,282,350,596,677,730,696,639,611,469,315,202,151,97
2,3,2,10,13,20,19,32,37,56,88,141,262,356,501,669,811,908,741,642,492
6,8,21,30,42,59,115,163,242,356,461,633,736,814,799,664,463,374,208,126,91
5,12,28,41,72,117,207,341,519,700,854,862,847,593,492,351,217,126,90,48,36
2,6,9,20,39,48,60,70,138,237,369,529,725,848,841,740,654,492,343,218,167
3,2,4,6,10,12,9,21,35,65,106,138,248,331,455,683,768,784,721,673,513
6,8,27,54,90,129,269,422,584,779,930,973,811,627,477,277,164,103,63,52,21
1,4,6,6,17,26,35,74,92,162,238,389,543,687,815,824,675,608,469,323,210
3,4,6,11,34,55,121,170,252,333,475,644,740,777,785,628,565,354,262,180,106
4,5,13,14,14,20,28,65,161,285,416,559,743,823,794,709,572,431,321,243,162
6,8,10,8,13,27,49,94,133,214,369,456,675,803,829,760,662,493,376,253,178
2,5,7,16,25,47,48,85,127,214,315,391,572,626,784,735,714,583,412,298,263
2,1,9,7,16,38,63,138,208,301,433,575,725,774,856,881,623,443,298,179,123
4,4,11,24,29,47,76,153,252,392,516,660,759,861,758,674,496,369,275,179,122
3,3,13,15,24,29,62,111,202,320,483,651,800,903,818,685,547,432,292,200,113
2,7,5,12,10,25,36,42,34,50,78,105,207,304,475,670,834,873,741,666,504
5,9,32,36,93,149,276,350,531,628,770,852,773,638,510,366,264,190,109,61,47
8,14,22,37,49,74,140,232,341,491,688,777,850,777,686,508,362,250,173,101,62
2,1,2,2,4,5,5,7,0,2,4,16,20,27,64,109,167,264,368,465,607
3,2,3,7,5,15,21,16,45,104,181,256,341,508,664,859,946,809,662,449,318
4,7,18,37,65,116,198,282,403,643,717,800,844,700,552,456,314,231,122,82,54
3,6,23,40,60,107,165,240,416,601,748,858,789,749,568,433,358,240,144,121,59
10,13,30,24,31,52,73,119,189,254,382,536,666,759,790,799,636,442,296,199,147
1,3,7,7,14,18,30,56,73,135,234,362,571,729,828,909,915,763,524,304,219
5,8,14,31,42,60,78,134,198,301,503,630,827,800,786,671,567,386,279,162,94
3,4,15,19,18,20,19,38,73,110,192,265,417,580,808,940,910,834,578,442,246
2,4,4,11,19,20,34,63,104,189,273,434,610,789,905,804,762,582,450,295,167
3,8,5,15,13,33,69,132,236,345,480,641,851,866,818,709,469,374,283,186,99
2,2,2,8,15,21,47,87,151,226,366,507,699,819,837,863,639,487,334,230,156
6,8,37,75,123,198,321,465,590,810,836,804,682,516,383,300,207,146,97,56,45
1,2,4,6,12,30,48,118,157,231,399,554,754,844,851,790,654,459,334,200,154
5,6,4,7,4,9,13,54,90,114,180,287,370,480,664,746,798,702,610,474,349
2,7,17,21,51,67,100,141,210,236,409,532,669,739,731,723,591,401,314,231,164
4,11,32,33,53,76,119,191,270,368,539,691,864,857,711,550,389,250,186,108,83
7,23,44,67,122,152,224,325,449,614,745,796,742,573,512,343,235,161,106,75,45
7,6,5,7,14,20,29,41,83,147,227,297,459,697,803,851,825,677,505,378,238
4,4,2,2,2,1,3,3,13,26,25,61,95,149,240,312,465,606,754,835,776
3,2,2,5,11,19,24,23,40,60,143,234,344,457,686,822,845,836,624,499,336
1,8,16,35,68,88,115,188,276,410,535,784,880,832,829,584,423,277,190,89,50
3,9,19,28,55,84,163,223,349,473,654,823,900,794,615,476,303,229,144,79,55
7,5,10,18,38,64,95,150,221,339,488,676,759,889,866,695,479,348,236,154,109
2,6,16,34,66,124,187,310,443,627,706,779,785,752,592,447,313,209,121,81,57
3,2,15,25,24,33,53,116,154,245,366,482,647,727,800,740,640,537,401,246,193
3,8,22,34,57,99,186,290,398,535,751,869,901,774,528,417,290,207,152,111,58
2,6,13,18,33,54,85,128,201,304,430,601,799,903,921,762,573,387,238,161,85
4,8,15,40,80,132,235,294,437,554,818,842,820,702,561,399,273,196,128,77,49
3,5,1,3,2,5,9,3,5,3,10,18,51,63,100,150,239,368,508,746,844
2,3,2,3,2,4,3,15,24,37,53,66,97,184,265,423,546,711,843,836,748
3,5,20,28,33,71,96,162,218,307,475,589,720,772,743,648,492,418,298,213,155
3,5,11,17,32,45,90,115,173,283,435,565,716,754,875,743,592,439,288,241,147
4,7,9,16,33,42,86,129,208,302,446,581,712,743,778,694,571,422,287,204,144
4,4,4,9,25,22,38,29,57,79,135,248,423,620,742,886,871,767,617,443,278
7,5,7,15,25,49,75,114,199,282,495,624,812,929,857,698,495,363,231,145,81
2,4,1,3,3,6,1,13,7,8,7,3,12,10,13,35,72,101,146,245,413
2,2,3,4,4,13,28,46,66,140,229,350,539,701,882,903,772,650,425,303,229
2,1,1,7,15,40,54,69,99,147,226,297,422,504,656,789,777,695,542,440,311
4,1,3,5,11,10,22,43,41,77,117,207,305,454,583,760,766,768,706,516,376
3,13,5,4,9,16,18,31,68,103,138,240,344,487,573,633,706,621,587,472,392
3,5,17,33,48,77,113,189,305,442,602,701,699,743,660,572,427,330,247,127,104
3,9,8,9,9,41,54,79,143,219,348,450,672,754,876,863,760,549,424,261,176
3,6,7,23,37,73,146,236,360,489,640,710,748,810,674,549,385,275,185,133,73
3,10,8,7,8,15,36,55,131,187,332,371,554,663,725,737,648,578,454,308,177
2,2,3,3,6,14,24,47,79,136,171,253,409,599,653,864,839,729,570,462,315
2,4,8,18,32,51,96,117,193,357,452,629,734,851,782,621,513,376,266,178,119
7,17,31,50,80,101,158,228,290,444,578,672,804,813,689,561,433,269,166,132,70
1,2,3,16,39,61,107,177,295,442,588,687,832,790,779,603,491,300,207,117,84
4,7,19,27,42,90,135,176,244,323,490,529,683,701,599,603,530,391,297,196,134
2,16,22,48,85,145,252,450,537,710,804,815,776,650,486,343,204,129,86,64,39
3,8,10,22,45,66,68,105,182,234,302,484,706,840,823,750,662,480,330,205,132
3,5,4,18,56,83,129,258,381,520,762,856,822,727,592,440,313,237,126,86,47
4,18,20,45,87,108,190,275,425,555,752,830,887,764,512,393,285,176,108,76,51
1,4,11,18,29,45,79,98,185,339,433,570,732,790,826,742,579,389,319,218,132
4,3,14,21,47,81,104,172,257,408,611,873,865,918,822,563,434,272,168,113,80
3,8,6,8,11,14,16,32,59,87,176,243,349,417,526,689,800,736,720,564,418
2,0,2,3,16,17,36,65,133,206,294,384,456,586,685,805,825,738,500,365,242
3,6,6,9,18,38,45,83,147,244,349,524,712,802,877,788,618,487,383,277,150
1,5,8,9,7,11,9,5,10,12,12,40,81,129,179,248,413,525,747,823,827
5,10,8,24,54,75,92,151,217,326,491,678,784,790,743,611,483,340,222,136,85
7,8,17,19,26,42,63,106,189,249,408,581,675,747,773,676,564,474,359,266,159
2,7,15,32,47,65,95,145,201,306,437,585,756,822,832,624,491,379,270,187,149
6,17,16,23,41,81,141,219,366,513,771,970,1032,895,611,473,295,204,138,93,36
1,1,2,16,18,19,20,9,14,26,53,81,111,171,243,324,472,610,703,857,820
3,2,7,5,15,13,21,29,51,71,132,219,335,469,607,764,815,827,757,575,406
2,0,2,2,0,5,2,8,22,28,59,102,176,266,397,572,682,738,768,714,565
5,7,7,12,25,23,63,96,168,282,460,552,731,793,818,769,606,459,294,209,131
3,6,16,13,16,39,57,144,205,307,413,587,774,845,787,712,496,368,263,162,102
3,3,22,34,60,117,170,268,367,481,719,794,852,781,648,460,359,291,143,104,69
3,7,11,34,56,121,157,267,435,621,779,852,829,721,528,401,278,206,109,69,51
4,2,1,2,7,10,20,40,71,127,219,290,404,580,738,796,772,653,581,467,339
4,4,10,11,25,39,81,102,193,299,459,621,808,845,809,667,524,419,273,193,126
5,3,3,17,23,32,40,94,138,222,323,449,579,739,823,801,699,530,424,250,199
1,3,7,15,28,47,50,83,144,268,418,636,789,884,879,724,579,442,267,201,107
6,7,9,5,11,28,68,90,134,243,353,482,569,641,733,755,582,544,374,287,184
3,8,17,25,44,60,113,155,275,447,612,734,836,889,779,600,440,294,199,141,80
3,2,5,12,12,30,38,60,102,155,238,309,510,697,804,885,747,582,460,361,227
4,7,8,18,35,56,92,141,218,359,477,584,810,829,788,727,540,391,246,156,103
2,1,4,4,5,13,17,43,45,91,151,200,319,504,689,750,791,791,721,480,361
4,6,9,14,31,19,47,54,97,136,200,331,419,464,604,668,705,705,593,470,365
2,3,1,4,12,20,34,30,55,88,189,316,485,665,822,858,838,744,522,413,255
6,7,5,7,11,27,47,84,117,154,288,411,648,742,762,807,617,497,388,295,233
3,6,12,12,31,55,98,126,261,360,573,778,902,877,753,572,449,313,245,132,90
4,9,11,30,43,46,86,128,205,300,413,527,722,711,778,755,586,473,310,227,137
2,1,5,3,3,1,2,7,7,17,31,46,82,142,211,333,554,717,912,871,828
5,6,5,5,13,39,72,149,225,322,425,550,683,758,796,657,548,421,293,175,134
2,2,20,34,44,82,152,224,314,439,626,741,791,775,671,511,406,290,190,135,87
6,7,7,20,8,24,36,50,76,124,231,360,508,766,902,943,804,662,494,298,184
4,16,34,46,56,81,143,213,305,410,523,714,764,795,687,588,440,296,208,126,86
7,11,18,33,40,101,199,298,485,673,748,844,819,719,641,421,297,187,106,72,37
2,5,11,24,31,41,71,91,125,189,288,422,593,738,813,760,633,538,432,331,219
3,3,1,7,6,6,13,21,31,57,97,165,257,377,533,614,743,754,709,681,458
1,1,1,8,6,12,15,11,29,46,88,143,203,312,388,551,607,720,720,772,531
3,2,3,7,9,22,48,50,68,94,146,224,298,460,642,803,793,810,649,495,343
7,21,45,66,86,117,173,260,354,572,659,759,750,733,588,445,302,197,155,100,64
2,5,4,12,25,37,49,97,120,197,323,468,600,703,776,750,659,540,411,311,208
8,3,5,10,8,8,25,20,35,56,87,126,168,270,376,584,713,823,772,660,517
5,19,30,58,76,103,160,261,398,515,674,744,730,705,554,416,350,224,180,137,75
3,15,21,43,47,102,205,294,421,629,783,816,763,699,512,442,293,211,145,102,62
5,8,16,24,58,71,109,165,276,487,644,721,859,826,722,587,393,264,170,118,76
4,5,1,10,19,53,95,128,200,290,398,534,675,619,711,674,569,465,403,278,182
4,15,17,22,26,32,65,99,173,241,340,467,558,680,783,788,674,509,387,268,177
3,4,9,17,24,68,91,129,238,316,466,625,853,786,802,690,540,379,259,148,94
2,1,9,10,23,41,49,84,163,256,383,575,669,886,913,809,635,450,329,225,140
1,6,15,27,29,35,83,128,199,281,439,633,796,817,854,772,578,365,254,148,107
5,3,4,7,32,37,73,155,200,315,452,647,776,871,831,662,518,347,242,145,99
1,1,1,4,12,6,15,24,43,65,97,182,270,408,504,686,809,806,730,618,441
6,2,10,27,35,57,83,124,182,258,354,550,657,865,828,761,649,488,301,210,135
7,4,6,3,4,6,6,15,20,36,41,98,154,200,352,428,609,720,702,711,607
2,1,2,3,11,19,31,38,101,156,246,326,540,772,923,891,808,634,470,326,184
7,21,24,30,46,90,149,291,520,664,866,883,777,721,569,383,253,175,122,51,32
1,4,12,22,27,45,51,66,67,165,270,391,575,758,847,887,732,602,514,306,220
7,13,13,26,50,46,94,150,229,355,502,580,690,892,834,665,570,359,238,150,103
1,1,12,19,40,80,108,146,245,354,428,475,568,598,687,692,583,441,332,276,199
4,7,16,32,34,56,68,116,184,339,500,777,862,1055,877,648,462,288,173,111,66
4,4,8,12,26,32,65,131,196,323,431,574,724,885,859,773,636,401,298,165,118
2,4,4,8,16,18,26,26,29,47,96,194,280,416,576,747,733,758,661,519,449
1,2,13,27,54,71,113,189,300,461,644,827,861,832,697,500,352,262,147,99,50
5,7,14,16,23,33,50,94,131,226,366,520,607,758,807,855,686,499,358,249,149
2,5,14,43,54,80,164,301,455,707,920,971,880,719,581,421,293,196,115,69,30
5,7,14,16,23,34,77,143,214,326,484,700,786,821,769,681,540,383,246,162,105
1,5,10,6,8,10,26,37,86,143,274,408,554,765,873,881,854,660,458,313,221
1,5,8,8,23,40,71,98,142,232,382,587,712,873,862,847,642,425,288,153,106
4,5,10,23,43,67,128,195,392,571,803,919,870,791,626,463,321,217,135,79,54
2,4,1,1,2,3,3,1,7,4,9,10,8,16,21,26,76,91,145,265,411
5,5,17,26,56,97,197,327,553,742,767,890,792,684,434,308,238,128,79,55,17
5,5,9,24,34,54,106,119,212,292,397,574,683,764,735,657,578,408,295,186,132
2,0,2,3,12,20,23,51,91,157,251,355,566,776,870,852,772,671,427,289,213
3,12,12,23,47,71,149,242,426,578,778,901,951,860,669,494,310,190,122,83,46
4,11,15,28,51,56,103,187,371,515,652,767,835,783,744,512,380,284,198,123,70
2,5,8,6,2,2,7,29,41,62,173,245,379,442,678,837,860,821,697,500,374
6,8,18,25,44,65,118,193,331,432,643,833,854,782,693,513,408,262,189,140,60
3,2,3,4,7,10,15,20,54,90,153,380,480,735,792,917,902,714,615,397,263
2,3,6,12,20,30,55,116,189,281,407,614,814,831,836,735,605,494,340,198,153
3,4,11,19,32,49,94,127,184,250,403,560,699,686,731,662,602,445,336,213,165
4,2,4,5,5,8,12,22,36,56,102,165,284,420,598,716,853,827,776,647,483
5,12,30,56,110,186,287,371,539,736,835,827,763,581,427,330,220,120,77,54,32
2,5,10,15,20,40,33,47,63,98,160,252,377,465,627,687,773,740,669,534,380
6,20,22,53,70,120,181,259,354,500,609,655,788,690,604,516,358,256,163,106,62
2,4,10,13,18,16,40,47,99,177,235,339,476,699,857,790,822,686,520,314,233
3,1,1,2,3,1,4,5,6,19,39,62,98,127,237,376,499,639,692,790,825
3,12,25,42,64,126,202,358,488,692,790,880,841,711,550,392,257,162,117,44,38
2,5,7,20,37,46,85,157,260,466,555,718,910,864,759,649,451,301,185,140,86
2,6,9,18,23,43,44,66,108,169,302,467,633,747,789,791,682,588,378,299,155
5,9,10,9,10,25,23,31,58,125,192,267,453,605,740,872,810,726,583,434,323
4,6,10,26,39,77,157,226,397,499,663,830,933,790,631,479,348,236,136,84,63
2,4,4,8,6,4,5,17,30,56,73,138,219,318,479,660,759,956,875,789,524
4,1,10,18,19,47,65,135,229,319,500,628,718,780,866,706,572,459,316,197,142
2,3,4,8,15,21,42,55,133,207,326,438,589,728,867,868,697,544,430,273,168
4,7,5,9,16,28,34,42,108,135,220,391,592,757,923,867,776,611,429,247,197
2,1,1,2,4,9,17,21,43,62,81,120,178,264,391,536,688,647,755,644,527
4,3,9,5,1,4,8,6,33,40,88,146,230,405,592,765,940,904,867,585,448
6,5,7,33,70,121,194,305,455,566,752,791,786,685,595,417,320,218,194,118,65
2,9,11,10,8,26,39,66,111,197,262,352,527,592,748,753,729,583,454,371,279
1,3,9,21,38,49,43,79,117,191,313,407,573,677,813,781,712,628,421,291,179
4,5,14,19,47,63,90,126,206,274,424,557,705,709,713,668,633,540,352,259,127
1,3,2,13,10,20,24,28,52,88,96,149,205,315,448,574,675,736,713,649,562
3,3,5,9,27,34,50,74,98,155,314,372,545,652,858,839,718,628,466,333,222
6,4,11,23,26,48,96,136,192,328,501,689,821,859,823,704,521,347,229,167,118
4,9,14,13,32,30,40,71,111,156,263,350,518,642,745,838,708,577,441,346,234
4,4,5,13,15,36,59,78,145,215,305,391,536,658,742,793,709,590,445,306,183
6,3,2,6,17,23,34,49,67,142,203,345,507,606,722,814,707,689,533,366,260
2,7,7,16,11,14,36,52,138,201,300,386,597,736,866,834,774,547,423,261,200
2,3,3,9,17,39,57,72,116,200,366,546,696,839,889,846,663,514,328,237,135
2,4,6,14,16,43,69,79,148,200,290,438,613,811,843,785,704,550,416,277,198
1,2,5,23,26,60,100,171,212,312,432,587,728,855,813,728,559,431,253,204,119
3,2,5,11,16,35,41,56,97,140,257,374,558,669,773,795,699,614,507,347,242
3,2,4,6,23,21,54,81,142,208,360,542,680,742,821,767,657,460,323,236,167
8,16,15,19,30,37,52,70,137,205,372,551,706,887,888,826,645,415,327,181,121
3,4,3,2,5,11,17,27,29,41,81,132,199,247,316,465,584,741,743,738,717
3,6,7,4,7,12,21,26,54,101,155,250,341,556,634,744,779,749,612,482,359
5,9,7,5,9,14,24,38,61,113,250,375,526,697,823,918,795,689,510,336,233
4,6,12,26,33,66,69,116,198,278,446,659,820,878,870,696,543,396,266,164,106
1,5,5,4,7,15,15,14,19,37,48,100,183,267,388,541,688,866,869,776,672
3,5,11,13,13,12,42,50,72,92,139,196,286,393,531,675,802,838,727,571,415
1,2,2,7,8,13,31,38,69,122,215,327,442,584,683,744,705,660,505,405,272
5,11,21,40,57,105,129,149,209,278,393,469,585,673,713,702,540,439,301,236,143
6,0,2,2,2,0,3,1,5,10,2,1,11,33,50,113,176,274,409,592,782
5,12,17,15,30,33,64,104,160,235,324,387,517,634,703,725,659,544,430,294,205
2,1,3,5,2,15,18,40,30,51,84,118,209,340,508,709,739,873,795,699,535
4,5,25,19,31,49,141,192,319,493,701,830,919,840,714,588,391,256,154,112,67
5,12,10,23,40,63,117,208,276,410,530,724,749,738,744,594,438,309,236,155,116
1,2,2,6,7,9,16,21,27,45,74,96,127,204,326,450,615,821,895,825,682
1,8,19,34,57,100,136,238,366,478,620,710,801,766,669,581,414,250,197,106,82
4,12,14,6,7,12,14,27,39,50,119,172,243,270,491,598,812,809,856,685,448
4,4,7,7,3,13,10,5,20,40,60,129,215,397,560,710,866,846,803,630,477
3,4,3,14,10,28,37,81,146,227,325,442,559,777,826,915,771,571,394,272,192
2,6,1,4,5,8,7,12,37,89,112,176,257,457,627,694,819,723,620,536,438
2,2,2,5,6,7,13,12,24,57,120,204,266,459,565,727,915,822,804,637,450
1,5,9,17,30,49,73,139,256,422,602,780,850,874,682,633,487,337,215,132,91
3,3,1,1,3,7,7,14,22,62,79,140,188,243,349,477,635,751,755,705,563
7,11,10,29,65,75,144,226,371,466,634,790,901,908,749,570,381,266,181,113,81
2,6,4,2,2,6,9,11,24,40,79,119,185,281,383,584,727,821,832,727,533
2,1,6,5,7,15,16,38,41,50,95,141,192,362,488,658,723,756,791,706,554
3,9,11,15,37,66,110,163,290,432,551,796,809,785,695,664,516,335,194,117,92
2,4,5,11,14,23,49,68,134,194,312,406,533,709,842,826,679,500,370,237,167
1,6,10,14,29,42,77,119,178,275,358,480,615,746,772,789,734,519,386,268,149
2,3,4,9,16,23,28,39,57,82,149,224,311,373,496,659,633,663,664,596,441
2,0,4,8,8,16,21,33,40,81,154,210,331,463,675,766,757,736,654,549,401
1,4,3,11,12,56,73,149,238,352,563,739,897,921,880,608,467,296,174,125,84
5,8,15,33,56,96,143,204,313,422,563,767,803,849,655,538,443,314,196,105,60
4,11,12,18,34,74,137,213,296,437,501,771,865,834,737,545,464,319,186,135,91
3,5,9,12,12,22,55,93,140,246,393,606,707,832,760,677,564,446,359,238,162
5,16,27,40,76,112,175,239,423,631,760,841,832,778,633,438,310,194,110,83,50
1,3,7,10,18,40,98,140,245,412,648,772,799,795,699,591,460,310,241,152,103
2,2,1,3,5,7,11,20,33,78,111,172,267,394,551,647,705,802,734,632,495
6,1,2,6,4,11,17,26,47,76,125,241,376,491,642,775,859,786,662,479,408
4,8,8,15,17,27,41,71,148,218,342,456,598,784,802,844,662,531,364,277,154
3,7,8,19,22,29,27,41,64,75,105,179,234,329,458,638,601,822,770,678,540
3,2,3,4,4,5,1,5,2,2,7,9,19,27,48,86,113,198,285,410,568
4,8,17,41,72,115,191,283,428,552,749,815,806,752,593,419,324,211,122,66,58
2,14,18,27,80,106,191,262,416,493,680,781,816,794,632,530,339,251,132,80,61
5,17,31,66,110,209,307,420,552,767,841,832,719,571,398,249,168,90,73,59,29
6,4,17,32,32,37,74,144,259,376,544,697,797,891,765,638,473,358,251,163,116
2,4,4,11,17,38,43,69,108,158,276,446,569,686,818,745,754,557,430,339,256
2,1,1,2,0,2,3,4,4,1,5,5,11,22,25,37,46,86,132,181,272
4,6,7,20,20,43,88,141,249,352,633,785,869,885,807,650,417,281,197,150,82
2,6,13,16,24,61,97,153,262,379,462,668,793,880,832,708,457,353,240,159,105
5,8,11,37,80,124,164,217,284,442,611,715,834,850,740,589,439,290,208,115,87
3,2,4,8,10,15,29,36,69,76,117,173,256,424,548,668,882,860,751,695,477
6,10,20,41,91,137,267,397,555,746,791,854,838,627,459,325,242,151,102,61,33
3,5,11,18,38,67,83,157,221,399,590,753,895,960,687,623,429,255,144,118,68
5,1,2,2,0,5,12,23,34,71,98,136,142,238,330,481,640,735,791,780,602
1,4,6,16,33,46,74,158,234,317,490,626,785,795,832,705,527,363,236,142,83
2,4,1,2,12,13,20,31,50,67,99,184,296,384,533,629,784,833,728,660,536
5,0,4,5,4,10,8,16,23,46,81,131,198,352,479,655,715,769,732,689,541
1,2,2,6,15,34,50,96,128,177,288,471,728,900,992,873,733,476,323,201,142
4,6,13,45,90,198,324,469,589,824,853,785,692,540,400,278,214,162,107,73,47
3,11,24,50,97,139,247,386,525,709,795,792,694,588,510,341,273,177,113,70,52
5,4,3,5,9,29,71,107,140,222,383,546,729,872,898,724,674,468,291,186,99
2,8,8,8,13,39,66,108,232,329,475,592,732,833,802,633,474,388,232,184,117
