V1,V2,V3,V4,V5,V6,V7,V8,V9,V10,V11,V12,V13,V14,V15
2,1,11,22,63,106,206,411,681,1022,1235,1073,761,433,228
5,10,56,115,192,379,735,1067,1266,1099,857,533,306,173,89
5,12,38,73,189,376,683,953,1077,1075,825,557,372,205,70
7,14,41,73,130,237,484,797,1086,1233,1130,724,376,183,88
4,10,38,56,95,168,304,587,954,1205,1177,910,504,296,169
2,5,6,8,21,44,60,160,380,667,1050,1343,1173,794,481
3,10,21,47,94,182,366,692,957,1156,1152,853,502,293,146
5,17,46,89,256,524,768,1165,1288,1015,713,439,229,101,58
4,6,13,25,53,113,171,329,635,947,1095,1116,898,573,327
2,2,5,20,30,143,288,515,902,1244,1343,1033,578,315,148
3,5,13,39,106,186,317,533,859,1025,1091,946,665,423,226
4,11,51,59,91,182,379,639,1008,1327,1157,801,500,272,139
4,5,12,12,25,55,122,293,634,1047,1272,1287,935,552,343
5,23,66,151,320,583,1031,1295,1255,860,504,287,132,65,38
1,2,3,5,6,7,24,49,117,221,440,707,1126,1270,1107
5,2,6,6,13,31,52,154,322,558,846,1178,1219,994,688
5,9,19,51,111,187,319,646,1004,1268,1161,891,507,305,120
4,6,31,66,146,298,593,975,1190,1169,962,656,413,203,120
2,8,25,51,94,191,372,646,974,1212,1141,789,463,304,207
4,6,8,22,55,98,187,395,841,1123,1294,1144,867,483,227
2,7,17,67,103,199,345,662,1037,1275,1208,834,466,250,123
3,14,18,17,26,72,139,260,519,892,1239,1234,966,616,336
2,7,13,40,119,283,569,996,1327,1372,967,522,304,159,75
2,7,3,8,16,37,105,288,559,964,1190,1192,931,632,374
8,26,40,95,147,271,508,834,1122,1196,1057,666,364,196,104
4,4,2,9,4,26,19,51,73,192,453,738,1079,1331,1165
5,20,37,81,234,421,774,1169,1255,1061,735,507,266,155,80
2,10,7,11,10,6,27,36,62,103,226,345,647,1129,1271
3,11,39,81,153,286,556,987,1220,1189,898,636,362,180,100
2,4,9,44,95,227,401,696,1068,1216,1027,784,518,286,139
2,16,20,59,115,194,343,539,848,1108,1102,795,558,319,176
5,11,13,22,33,112,203,424,731,1191,1384,1165,811,426,178
9,15,25,60,136,288,571,909,1346,1343,985,590,279,158,68
2,3,11,15,20,43,77,199,332,604,1005,1204,1095,859,483
2,7,11,30,48,75,156,257,515,832,1114,1254,1015,651,385
5,9,13,23,46,98,184,400,683,1071,1330,1220,832,444,262
5,16,28,71,161,314,584,857,1124,1150,944,606,365,215,103
3,8,28,60,191,351,561,830,1096,1109,828,582,341,211,137
2,6,7,6,16,23,54,82,176,373,673,1054,1323,1173,837
6,11,42,81,186,376,768,1193,1370,1158,828,471,232,101,44
4,12,25,43,68,106,219,461,781,1196,1326,987,704,401,230
13,32,32,36,72,147,225,459,784,1056,1148,952,664,411,259
2,2,7,37,93,196,349,727,1059,1298,1158,849,476,248,126
4,3,2,5,12,15,55,90,166,378,610,896,1163,1215,896
3,6,10,14,54,114,250,513,906,1172,1263,997,645,335,185
5,12,25,46,136,313,545,843,1209,1238,927,565,312,165,74
4,5,33,74,179,358,676,1026,1209,1061,866,427,263,148,61
5,15,26,72,185,345,631,942,1305,1326,977,553,285,121,51
2,2,7,12,28,69,174,303,581,870,1205,1156,969,567,386
11,49,100,193,382,697,979,1099,1054,818,537,341,176,103,50
4,3,17,31,38,104,231,490,841,1181,1273,1076,669,321,215
2,1,4,30,70,181,387,605,858,1171,1186,982,557,316,158
8,13,31,99,204,338,605,892,1199,1141,880,573,366,223,97
4,5,10,21,69,124,251,553,876,1244,1356,1072,605,323,146
1,8,8,35,51,167,358,636,979,1289,1181,870,543,316,150
1,6,16,34,63,181,386,757,1022,1217,1243,896,625,300,172
4,15,33,85,150,363,643,1032,1317,1276,842,450,219,110,61
7,27,42,72,125,240,446,788,1204,1203,999,687,407,227,123
1,5,5,14,24,58,140,283,490,791,1177,1307,1088,719,370
4,9,14,42,55,103,171,327,586,896,1130,1072,830,575,387
2,4,11,21,31,63,126,211,402,727,1016,1173,1119,783,495
1,4,5,14,20,25,87,193,344,607,933,1106,1183,982,641
6,5,21,26,51,101,226,459,726,1076,1218,1130,816,470,250
5,12,13,34,108,225,472,798,1043,1210,1059,760,424,254,124
6,18,78,123,277,450,731,1098,1251,1039,735,424,228,129,39
2,4,5,6,3,9,15,20,45,121,261,521,911,1287,1327
6,23,42,86,206,425,646,1002,1187,1082,782,526,275,145,66
3,10,17,22,20,37,98,214,479,892,1312,1391,1066,659,355
4,3,13,41,59,126,258,463,822,1139,1226,974,670,360,220
2,7,22,39,90,144,311,514,945,1232,1220,1026,643,386,186
2,3,11,15,51,104,242,465,791,1140,1316,1119,808,401,194
7,18,43,83,175,323,639,902,1286,1321,1032,607,313,143,64
9,24,46,89,193,387,637,918,1054,1063,862,578,342,211,104
6,18,36,78,138,266,500,798,1089,1248,954,618,406,219,107
2,2,6,12,20,53,122,265,434,756,1034,1199,998,685,404
6,12,48,98,256,468,781,1231,1338,1105,664,356,205,97,44
4,10,17,34,60,152,245,510,847,1186,1205,1004,668,409,220
3,10,36,106,216,370,679,1037,1257,1211,886,484,249,130,54
2,18,52,87,179,364,643,1100,1314,1258,880,439,253,120,87
4,10,36,76,136,249,489,777,1032,1142,1038,713,481,237,93
2,7,20,81,93,238,551,1010,1351,1317,1031,617,285,144,60
5,8,17,51,157,286,600,1047,1395,1333,930,557,248,134,65
1,9,19,48,93,179,300,567,1041,1432,1340,872,463,267,117
3,4,2,2,8,10,30,28,56,131,234,417,753,1117,1204
8,12,48,67,120,300,547,945,1174,1156,967,609,340,200,129
5,17,26,49,100,221,403,608,911,1057,1160,975,607,332,149
8,15,27,71,186,417,758,1070,1311,1228,803,452,249,105,56
2,7,9,8,6,8,33,80,159,330,687,1091,1388,1232,833
4,3,8,15,42,114,237,430,743,1159,1337,1158,740,435,252
2,9,11,18,39,128,193,363,664,972,1198,1111,793,470,253
3,14,32,42,85,181,317,610,979,1226,1165,879,564,278,148
2,4,13,39,68,127,213,343,660,971,1176,1073,806,511,303
6,18,26,83,161,315,623,988,1240,1112,768,533,349,170,110
13,41,126,216,406,755,1245,1441,1163,747,402,212,105,38,21
5,4,14,48,88,188,427,671,950,1106,1040,805,484,310,180
5,8,13,46,71,161,348,569,919,1091,1135,893,609,397,203
9,33,47,135,212,392,657,903,1119,1088,801,507,284,150,87
3,8,20,35,82,215,373,699,1127,1300,1159,793,534,298,171
2,2,7,15,27,63,139,295,545,891,1139,1144,950,703,374
2,2,3,14,25,60,111,274,481,883,1190,1341,1040,657,339
2,1,1,3,10,13,42,103,216,501,931,1322,1424,1022,609
7,3,17,44,124,293,591,1028,1354,1260,1043,587,332,142,87
3,4,14,23,43,73,174,344,537,812,1187,1223,940,592,356
2,1,6,9,28,59,109,282,601,1016,1365,1292,957,598,326
8,16,29,54,113,292,524,927,1283,1155,955,631,380,169,86
4,5,3,11,30,58,123,246,538,974,1413,1344,990,585,298
2,5,2,4,10,14,28,56,110,260,497,786,1077,1217,1038
1,3,8,15,51,119,267,608,911,1281,1270,904,569,289,195
1,1,2,11,17,36,77,149,320,681,1121,1409,1290,834,457
10,54,141,289,533,902,1229,1234,980,607,400,182,88,39,25
8,31,60,172,337,617,893,1114,1093,940,631,412,204,114,58
3,12,25,59,123,260,529,896,1243,1313,999,600,392,207,108
2,6,7,11,20,68,143,318,670,1094,1467,1379,884,420,222
5,10,10,15,51,108,301,572,930,1137,1179,977,692,346,196
6,7,31,58,114,264,527,917,1313,1349,1021,587,301,159,64
6,5,14,26,38,64,115,240,376,717,1057,1254,1055,779,431
2,16,18,45,75,150,280,420,702,1000,1204,1103,798,516,210
5,11,34,100,170,368,616,1050,1253,1131,863,554,318,159,90
2,2,6,10,24,41,98,202,442,793,1126,1335,1052,788,424
7,28,59,138,194,346,611,1045,1173,1105,843,517,299,177,109
3,1,3,3,5,3,13,29,69,175,328,537,880,1084,1238
2,6,13,25,72,168,380,704,1131,1353,1172,843,443,215,138
4,7,9,31,48,123,300,638,1101,1380,1268,841,505,318,138
2,7,17,65,127,266,417,725,1100,1211,1090,717,397,228,130
11,7,19,36,76,177,359,757,1097,1268,1150,832,448,254,116
1,2,4,23,56,140,385,740,1245,1397,1224,757,427,252,120
2,13,9,36,94,186,326,575,1027,1177,1086,852,563,298,156
11,16,25,47,114,241,441,807,1198,1168,999,795,454,238,141
2,2,8,22,32,65,173,279,596,956,1283,1255,924,545,289
2,1,4,23,43,114,210,437,738,1059,1243,1079,751,441,243
6,9,47,81,167,365,620,914,1127,1173,913,611,339,163,79
3,10,22,43,95,146,243,470,854,1200,1271,982,633,380,192
6,15,8,24,52,109,222,503,956,1224,1294,1052,659,382,191
3,2,2,14,43,119,249,448,712,1039,1135,1112,831,525,274
6,12,35,73,205,421,745,1111,1296,1195,802,470,278,124,72
4,4,9,11,21,40,62,124,268,504,899,1094,1094,898,628
5,9,24,72,142,286,590,939,1261,1190,927,539,300,120,73
6,35,44,65,168,289,576,883,1193,1224,883,583,389,195,103
8,15,37,79,171,433,746,1231,1453,1175,809,468,206,85,46
6,8,7,12,41,79,185,326,573,913,1079,1114,904,628,417
12,36,82,129,220,453,753,1189,1304,1051,717,474,254,106,49
3,8,38,56,152,385,749,1207,1387,1247,904,514,258,101,65
1,11,3,2,8,11,33,42,93,170,350,727,1056,1178,1121
3,6,19,24,51,145,315,582,1007,1157,1208,906,591,318,198
5,8,23,57,136,289,552,789,1174,1279,966,640,392,185,76
6,12,39,89,166,379,648,1020,1311,1131,833,544,264,150,77
7,7,16,26,36,60,110,227,393,698,1055,1259,1165,724,478
10,19,60,102,161,356,660,1077,1344,1182,946,491,312,137,73
2,8,15,24,78,135,286,459,784,1024,1127,997,759,458,252
7,21,46,88,162,379,711,989,1204,1092,782,533,351,228,101
2,10,14,33,101,222,388,726,1175,1383,1220,847,494,192,88
2,2,8,24,70,171,425,840,1200,1335,1129,762,423,219,132
5,6,17,17,39,67,162,366,625,915,1082,1196,960,591,414
8,5,2,24,52,109,224,406,718,1136,1333,1133,818,478,238
3,16,14,21,30,68,176,405,857,1131,1317,1151,798,457,258
7,19,42,82,113,212,416,784,1072,1269,1076,763,466,294,113
2,18,40,94,174,394,709,1084,1336,1124,810,451,238,127,54
2,5,19,30,48,74,149,304,587,817,1046,1107,974,644,362
5,6,7,23,29,57,136,260,433,655,976,1078,1005,785,523
3,8,2,3,10,26,68,121,244,444,779,1126,1324,1089,686
9,32,35,59,107,268,564,894,1216,1294,1036,613,324,142,69
4,12,26,113,209,402,735,1113,1254,1156,793,505,258,114,63
5,5,16,62,127,268,629,984,1276,1268,943,531,343,174,75
6,8,29,101,246,461,806,1151,1327,1022,725,404,231,100,48
3,24,56,126,243,501,859,1155,1254,980,628,406,232,108,65
4,6,21,34,66,120,260,533,961,1297,1301,876,550,332,159
4,12,15,51,89,182,408,686,1006,1251,1264,829,533,281,143
4,9,24,60,147,280,519,888,1333,1247,944,561,315,194,111
6,17,27,47,89,194,368,643,918,1145,1184,854,494,279,149
3,15,34,70,111,236,553,960,1400,1513,1088,616,290,116,48
3,6,8,27,52,94,273,465,812,1106,1141,1135,763,431,204
2,4,12,21,42,91,179,353,593,980,1262,1258,832,552,305
6,11,57,112,239,533,941,1230,1251,948,652,358,201,88,46
8,15,27,38,59,99,187,366,663,981,1228,1153,869,563,289
10,30,40,70,162,328,492,754,1055,1267,1043,728,375,219,119
2,4,10,25,69,152,287,504,911,1217,1192,941,578,308,167
3,7,18,31,66,145,270,530,839,1230,1287,975,667,370,191
5,6,10,29,61,102,250,482,749,1051,1191,1054,749,433,244
4,20,38,53,118,243,495,897,1167,1296,1037,674,388,169,99
4,10,9,5,9,22,30,64,134,284,505,798,1133,1153,1001
5,8,17,31,68,144,291,543,843,1149,1172,984,699,353,207
3,9,38,91,212,402,671,944,1150,1110,866,539,306,176,92
10,13,50,106,149,354,576,989,1245,1241,895,525,274,162,71
1,1,2,7,10,24,68,155,281,525,933,1246,1346,971,566
2,4,12,18,42,78,193,370,712,1134,1245,1126,791,456,239
4,27,38,52,138,289,605,950,1250,1253,959,551,304,173,79
6,19,38,87,175,345,556,909,1084,1117,917,627,346,178,81
3,11,26,88,164,370,719,1077,1232,1077,793,510,263,159,72
9,5,6,7,19,34,102,215,385,661,974,1179,1162,892,565
1,14,23,44,99,193,318,567,846,1058,1167,939,675,390,202
8,10,15,8,15,10,27,66,167,310,609,933,1173,1130,870
3,9,13,16,16,54,115,209,418,717,1070,1246,1056,740,449
5,2,1,3,3,11,27,47,131,283,520,903,1287,1302,1026
5,10,12,42,82,194,381,747,1175,1314,1160,803,499,249,132
2,10,8,47,79,212,418,796,1084,1182,1028,756,405,272,129
4,5,8,10,23,58,84,223,439,688,1012,1261,1142,761,447
1,2,5,6,6,8,16,50,121,261,561,966,1259,1267,1030
2,6,5,10,36,142,253,438,780,1165,1295,1088,708,433,213
3,6,34,47,85,152,305,478,822,1046,1164,998,690,411,245
4,4,7,9,9,11,59,125,267,575,993,1266,1298,1007,639
5,5,18,36,54,98,258,492,803,1180,1304,1033,649,343,176
1,7,9,15,32,50,121,215,424,740,997,1231,988,742,442
5,15,30,61,156,350,736,1137,1327,1267,863,488,223,102,34
7,11,22,28,58,143,271,514,956,1231,1295,966,636,318,169
2,2,3,2,5,20,61,140,253,494,775,1122,1318,1053,673
8,29,55,94,141,292,491,870,1163,1284,1000,597,356,200,101
11,20,81,192,425,688,1156,1249,1142,744,449,272,161,64,21
9,20,29,78,135,292,644,964,1229,1273,965,583,315,155,71
2,4,8,17,55,99,234,393,649,1027,1118,1082,836,534,305
8,21,62,100,248,447,810,1255,1285,1084,778,361,183,107,60
3,9,26,65,150,318,662,1025,1277,1162,895,565,281,141,68
2,10,25,23,30,73,144,245,458,904,1226,1245,916,585,346
6,9,29,35,74,140,305,565,885,1224,1138,942,645,373,198
3,1,1,12,33,73,141,335,608,911,1073,1165,937,655,375
3,3,21,14,23,48,98,199,383,539,861,1117,1106,943,562
5,15,27,35,91,220,457,770,1237,1312,1124,715,455,241,125
3,2,3,2,3,11,14,47,100,171,308,491,808,1074,1312
2,7,18,37,120,223,382,610,1003,1163,1148,835,528,295,153
11,22,54,111,182,327,590,916,1180,1129,878,555,335,179,92
7,18,30,66,86,156,348,627,1002,1301,1197,970,610,316,127
2,10,8,7,26,58,138,335,660,1161,1354,1278,886,539,261
6,6,6,9,5,18,41,57,127,208,440,771,1061,1174,1044
4,4,13,23,35,63,109,192,430,649,949,1246,1161,825,442
4,4,16,36,59,82,174,368,683,1095,1330,1176,786,422,224
6,3,13,26,60,139,259,423,782,1095,1207,1042,725,459,230
5,20,45,60,128,240,445,772,1055,1111,966,658,421,256,128
3,15,24,66,194,400,704,1116,1299,1040,784,499,296,172,95
2,7,14,50,107,218,408,738,1220,1394,1196,742,453,203,92
4,12,11,39,81,187,287,522,849,1133,1201,961,647,317,198
3,11,21,21,17,32,47,112,240,473,875,1232,1334,1003,594
2,8,15,38,72,154,357,570,939,1232,1176,824,521,326,170
7,31,99,144,311,594,922,1226,1172,945,614,322,196,101,61
7,27,62,133,294,540,991,1159,1265,953,646,344,186,105,65
5,15,34,118,254,471,785,1092,1199,1009,701,429,275,143,82
5,11,22,38,69,126,261,435,793,1061,1102,924,648,439,220
5,7,9,21,40,58,114,291,605,928,1183,1164,958,588,331
5,8,29,67,149,367,699,1028,1218,1011,733,484,306,166,99
4,1,9,9,54,113,216,460,784,1142,1224,1106,761,446,248
2,4,12,8,36,78,165,282,528,974,1273,1336,1004,583,312
2,7,16,38,70,144,312,668,1029,1299,1230,852,508,275,138
4,5,11,6,5,6,4,2,2,6,14,16,18,59,111
7,15,8,23,44,69,166,287,552,843,1094,1169,951,663,429
2,6,12,14,39,79,201,409,817,1193,1300,1114,663,435,214
5,23,53,133,259,446,769,1026,1122,1020,735,470,285,157,97
9,16,44,102,170,375,701,1162,1385,1169,761,451,258,106,55
2,5,5,7,15,36,74,155,292,547,912,1166,1115,1074,617
6,25,33,92,158,301,578,895,1172,1225,977,599,368,185,95
3,2,7,8,23,59,105,253,524,884,1331,1298,1023,667,391
11,9,4,13,51,96,224,454,886,1216,1298,1072,731,433,242
2,3,5,21,78,161,329,629,1071,1320,1225,937,545,284,139
3,2,4,13,23,54,82,191,327,669,1134,1342,1155,792,472
4,8,15,35,79,164,293,595,967,1143,1203,912,599,328,161
5,16,49,135,269,465,691,1112,1239,1021,757,414,238,105,79
3,18,29,90,177,351,661,1005,1287,1225,892,534,261,169,64
3,11,33,50,130,221,425,736,1036,1270,1099,797,448,238,114
5,7,23,46,79,168,374,633,878,1133,1193,921,578,349,236
5,10,26,59,144,256,540,1063,1430,1439,939,560,289,157,84
1,9,9,14,37,66,113,249,463,752,1114,1204,962,618,394
2,6,25,39,72,94,195,424,740,1054,1279,1035,764,442,266
4,2,8,13,15,42,41,101,180,321,616,948,1083,1047,824
3,9,11,21,45,66,96,202,400,679,906,1080,1125,873,494
2,5,22,54,126,232,453,835,1118,1355,974,638,377,250,111
3,12,26,55,78,113,167,354,726,1005,1160,1033,764,442,255
5,11,38,70,88,218,457,729,1059,1283,1064,751,504,222,109
7,14,48,104,194,357,646,881,1153,1085,906,610,296,174,87
8,25,55,141,293,526,919,1170,1171,961,623,367,194,121,50
7,14,50,85,232,391,725,1251,1439,1145,767,431,242,110,40
3,6,6,8,11,14,36,51,156,335,749,1127,1308,1147,815
6,14,33,51,82,205,440,785,1122,1308,1225,754,465,245,107
5,10,30,71,182,385,706,1053,1202,1139,863,490,241,131,80
2,7,18,84,161,331,603,1094,1404,1174,853,527,309,154,57
2,5,3,19,45,82,177,309,572,854,1114,1167,922,617,413
3,6,9,25,39,76,112,250,454,792,1135,1209,1063,722,446
5,3,19,52,109,183,380,694,1125,1383,1236,816,461,262,117
3,6,11,17,36,92,180,394,703,1199,1445,1196,768,389,221
4,8,9,11,12,27,46,104,255,439,763,1066,1217,1028,672
3,1,3,1,4,26,50,112,193,403,660,1084,1220,1206,824
3,5,11,25,50,105,170,371,591,894,1116,1175,871,624,324
6,10,18,41,95,207,397,672,1034,1401,1215,845,509,244,123
4,2,7,14,42,78,177,366,593,921,1144,1048,799,561,297
7,9,38,112,197,307,554,894,1136,1172,855,568,327,171,78
8,15,38,57,124,251,470,770,1042,1129,1007,686,389,239,149
2,9,40,78,178,374,615,1002,1292,1252,857,523,288,147,81
2,10,10,21,39,57,119,300,569,951,1252,1229,933,538,296
3,15,14,30,60,77,138,305,512,911,1224,1245,1002,592,301
10,8,11,39,101,180,330,550,860,1287,1302,909,492,336,166
2,5,8,29,35,58,122,257,471,760,1110,1199,1001,665,442
2,3,14,28,52,97,192,353,670,1004,1233,1172,945,490,313
3,5,6,17,28,77,206,360,630,1048,1243,1119,849,534,356
6,9,33,48,109,249,385,709,1129,1315,1178,765,427,255,144
6,22,68,180,331,633,998,1273,1186,927,574,342,156,72,40
7,18,29,76,177,342,615,889,1148,1171,938,584,339,202,111
1,3,13,13,48,104,201,400,741,1129,1345,1144,774,441,220
6,18,42,62,111,167,392,664,1026,1164,1082,847,489,265,166
4,18,18,39,88,225,526,965,1422,1362,1079,643,305,137,75
3,1,2,3,7,38,72,153,364,633,947,1232,1078,925,572
2,8,13,23,36,93,226,388,675,1121,1313,1169,839,531,238
5,1,7,15,60,132,293,603,967,1301,1183,883,547,285,140
4,9,18,21,63,132,220,431,910,1304,1344,1049,639,330,141
2,2,9,16,88,188,330,635,918,1151,1184,1040,594,309,156
3,2,4,8,19,51,111,279,495,798,1169,1271,1048,719,439
2,15,38,98,164,361,705,985,1227,1240,858,551,268,125,66
3,7,20,44,100,191,445,728,1111,1238,1104,840,494,252,120
3,4,10,17,34,59,111,185,355,620,983,1208,1181,836,473
7,6,15,30,71,124,257,474,861,1268,1366,1042,654,336,170
1,1,2,2,3,1,7,4,11,24,72,92,205,365,723
4,30,72,114,283,596,916,1139,1207,976,660,396,220,121,54
7,25,27,48,106,188,371,777,1246,1322,1137,753,459,250,111
6,10,31,59,122,234,465,864,1184,1127,1040,745,418,245,122
6,16,37,85,189,355,682,1074,1289,1118,783,413,260,119,78
13,23,57,130,230,407,747,1065,1245,1167,788,463,237,139,59
2,6,27,58,109,199,319,571,874,1146,1220,978,626,323,200
3,5,17,31,35,82,165,233,397,696,963,1136,1073,758,438
6,10,5,6,10,13,32,71,99,172,346,702,1045,1292,1186
3,5,11,13,39,67,121,253,543,941,1173,1352,1059,642,365
2,7,19,22,64,145,252,510,879,1249,1347,1092,707,368,163
3,2,3,8,16,15,16,34,62,145,245,476,780,1097,1185
6,21,41,79,195,431,732,1013,1198,1025,759,507,329,173,113
4,20,26,38,83,193,391,711,1169,1352,1143,747,445,258,140
3,5,6,9,28,35,103,228,510,945,1287,1400,1069,602,359
2,4,10,38,53,115,219,442,824,1177,1290,1093,756,461,221
5,17,30,73,140,246,458,893,1212,1337,1082,696,315,204,97
4,5,5,25,60,117,256,446,754,1119,1341,1139,841,452,217
10,34,82,173,319,620,976,1175,1153,845,532,300,151,95,55
6,16,43,77,148,309,508,796,963,1107,991,649,464,269,143
6,11,30,66,144,262,488,778,1029,1198,926,669,432,274,132
8,14,40,62,153,296,601,957,1301,1224,848,519,269,139,83
6,6,20,28,51,98,190,363,659,1023,1162,1130,872,563,313
3,8,23,35,65,125,249,542,785,1138,1210,972,667,376,225
1,4,11,35,52,78,196,400,598,934,1202,1196,845,553,299
11,9,36,98,179,378,727,1054,1315,1212,863,510,232,101,55
3,11,19,26,55,126,269,471,686,953,1193,1004,816,501,307
2,10,9,28,61,149,264,558,981,1273,1302,977,573,349,156
2,8,30,56,114,172,361,581,866,1171,1152,922,518,323,135
6,15,49,119,256,486,830,1215,1411,1050,691,409,241,86,57
5,23,48,84,234,451,774,1194,1178,1025,760,475,260,156,64
1,7,15,23,48,96,195,399,699,1029,1137,1060,803,497,289
10,27,59,154,284,541,832,1038,1156,998,708,389,221,135,49
1,3,6,35,63,161,283,610,929,1145,1178,897,604,363,192
5,19,27,42,84,173,321,492,939,1217,1238,873,535,320,174
3,5,7,8,12,20,29,52,106,238,474,846,1148,1250,1015
5,10,8,10,41,85,191,401,625,921,1193,1152,808,548,344
7,20,78,167,307,633,937,1278,1236,903,540,304,154,70,25
10,5,1,11,14,53,70,187,330,561,966,1155,1181,944,644
4,7,31,59,156,373,746,1024,1303,1312,924,486,255,125,70
2,4,6,22,61,112,279,573,1025,1254,1228,915,515,264,170
3,9,46,79,203,446,805,1203,1287,1064,738,419,232,109,34
4,9,13,21,42,64,182,329,584,1002,1232,1203,945,582,342
3,4,5,16,24,36,46,108,247,568,955,1255,1238,943,603
3,9,26,49,144,282,520,869,1361,1374,1046,612,294,147,69
4,6,15,25,34,102,209,458,773,1115,1224,937,733,455,266
3,12,20,37,84,102,239,498,920,1219,1193,973,660,399,215
5,5,8,38,100,169,280,566,1020,1291,1249,928,553,299,149
4,4,9,25,65,136,280,529,946,1332,1254,980,616,341,164
6,17,40,93,191,371,618,947,1159,1155,927,580,344,188,88
3,21,48,148,304,580,885,1123,1211,902,626,401,179,106,32
6,15,42,103,219,403,775,1140,1179,1018,787,500,280,152,78
11,33,48,102,192,341,612,935,1276,1258,942,621,338,173,77
9,10,14,15,13,27,72,129,212,375,672,1049,1218,1159,818
3,3,7,15,12,9,23,33,63,161,340,664,979,1278,1218
3,1,6,4,8,11,18,42,88,179,398,814,1306,1443,1244
1,4,4,14,27,43,66,94,203,443,747,1076,1205,1057,745
7,11,35,63,108,208,409,686,987,1211,1129,807,496,314,188
4,14,47,48,116,264,451,731,1039,1226,1087,873,527,275,121
2,5,10,22,26,47,83,179,370,667,1008,1273,1182,832,446
2,1,2,2,2,4,12,30,67,120,266,555,865,1140,1139
4,14,19,49,118,242,490,831,1200,1297,1066,689,375,186,78
2,6,3,21,44,103,157,307,587,876,1183,1175,992,564,315
5,9,20,69,167,298,583,1035,1266,1202,944,532,303,172,91
9,27,76,154,317,590,981,1230,1232,900,597,341,166,77,16
4,11,8,12,30,82,196,437,763,1163,1234,1062,754,509,271
2,6,13,24,67,155,224,402,725,1200,1285,1006,744,478,220
5,22,59,100,213,464,807,1137,1274,1137,732,402,279,132,69
13,24,77,188,396,759,1098,1353,1177,744,475,259,135,61,43
2,3,9,14,29,57,88,136,293,565,859,1084,1047,959,672
5,9,19,36,90,186,379,771,1219,1431,1054,700,370,181,126
4,15,37,96,199,408,680,969,1201,1126,806,508,291,156,65
1,3,3,8,41,57,153,277,574,929,1174,1266,964,584,330
3,5,2,7,20,39,58,96,188,291,554,920,1294,1316,963
5,24,53,119,219,377,704,1133,1369,1194,815,462,214,124,66
3,12,7,12,21,22,91,202,325,544,896,1149,1188,994,533
7,11,7,16,52,143,253,483,793,1158,1137,986,692,435,243
3,6,8,8,14,13,27,63,197,405,711,1057,1224,1205,912
3,6,9,30,76,153,256,536,760,1084,1128,969,648,402,260
4,7,8,22,59,148,241,364,642,976,1238,1191,845,530,303
8,33,91,190,396,690,1018,1276,1136,833,524,278,145,68,46
1,7,26,86,176,333,549,948,1316,1153,833,551,310,161,87
1,4,15,40,89,177,451,731,1062,1184,1178,887,537,220,103
2,8,19,31,95,177,351,649,1027,1218,1243,830,575,308,164
9,8,28,64,156,304,676,1179,1391,1301,848,468,253,133,76
2,4,5,11,15,21,38,59,143,321,639,946,1216,1122,919
7,14,52,110,197,382,639,1001,1301,1299,866,499,254,92,51
3,9,9,29,54,114,271,549,893,1137,1125,948,718,438,214
6,16,34,41,116,216,395,711,1019,1247,1057,878,516,295,127
3,5,22,42,95,232,501,879,1232,1289,1017,685,421,217,125
3,7,14,43,124,242,505,835,1168,1146,945,704,399,235,133
5,9,15,47,82,153,344,605,979,1156,1088,912,552,292,153
2,15,17,33,69,116,234,388,644,1006,1215,1134,810,532,282
7,6,21,32,60,133,229,516,925,1284,1323,994,663,308,158
3,9,20,49,123,225,464,860,1214,1306,1117,734,426,190,81
1,6,16,34,52,126,212,506,834,1126,1180,1049,711,471,266
3,12,22,45,108,216,398,748,1157,1271,1170,776,440,242,127
6,35,47,87,168,329,647,909,1169,1092,828,505,293,169,86
2,10,27,27,78,169,361,609,874,1146,1114,939,605,352,175
5,9,13,48,117,223,505,863,1084,1197,1062,758,401,210,110
2,5,5,5,8,26,56,143,263,479,847,1154,1231,1088,659
2,6,13,42,74,197,383,636,1025,1250,1133,935,587,307,176
5,15,34,74,151,314,605,966,1221,1195,927,582,308,178,101
3,15,39,134,220,467,700,1119,1214,1049,810,445,236,123,66
7,9,7,24,30,57,111,253,493,780,1106,1215,1003,726,404
6,15,41,113,227,359,601,947,1136,1184,944,621,342,192,101
1,3,7,25,39,70,102,225,495,790,1190,1261,1088,733,412
3,7,31,50,120,284,534,879,1176,1289,1054,664,356,169,85
5,19,52,92,208,403,664,987,1209,1105,771,488,229,129,58
2,2,12,25,50,98,227,450,742,1052,1153,1082,780,448,243
10,25,71,164,304,542,1023,1280,1216,961,602,324,151,94,64
3,10,41,85,182,370,656,1017,1283,1178,864,465,276,149,61
3,15,28,52,112,255,479,751,1122,1276,995,689,426,205,110
3,10,22,30,71,131,222,411,722,1018,1180,983,782,494,292
5,9,35,66,154,316,620,1102,1332,1245,875,494,263,119,64
6,3,3,3,13,29,79,126,326,499,871,1169,1237,1029,623
3,9,26,89,193,387,719,1019,1223,1120,818,506,278,165,105
8,24,91,174,358,635,1055,1308,1311,882,483,286,121,65,35
3,5,8,5,10,30,76,182,414,803,1090,1252,1105,801,503
5,8,39,97,184,437,709,1011,1234,1205,792,421,228,152,73
3,12,28,97,226,366,723,1056,1213,1177,906,491,263,111,73
6,10,27,57,186,432,861,1278,1428,1195,744,434,199,84,44
3,20,54,84,199,439,768,1233,1330,1106,709,384,249,115,62
4,9,11,16,22,43,110,245,449,818,1125,1171,1018,743,477
3,12,45,90,180,314,538,846,1115,1227,1017,680,381,154,66
4,16,34,97,192,430,822,1218,1412,1158,666,395,173,89,48
3,7,13,36,39,95,180,340,501,801,1057,1237,1007,642,378
3,2,7,15,21,40,76,79,142,310,707,1143,1368,1177,736
5,10,43,87,169,337,680,1040,1383,1261,812,487,289,125,59
4,7,16,63,160,309,545,957,1205,1201,864,568,339,221,122
3,18,35,78,164,368,629,1051,1272,1217,866,498,286,147,58
4,16,55,81,197,312,540,771,964,1199,972,692,497,264,162
2,4,11,32,47,103,200,344,660,983,1145,1085,786,436,322
2,3,18,31,86,184,341,609,1009,1410,1211,918,495,235,124
10,7,9,13,34,65,146,259,556,910,1249,1291,1007,602,373
4,10,11,19,56,79,113,268,511,874,1202,1250,940,616,362
6,6,9,13,28,51,68,125,257,545,833,1068,1156,1042,695
5,11,9,26,23,58,119,209,368,637,804,1075,1028,791,566
5,24,42,84,165,259,480,816,1059,1131,945,649,355,216,102
8,23,78,170,333,660,927,1153,1175,903,566,312,149,87,27
1,5,11,12,48,107,236,435,749,1209,1359,1202,729,422,226
8,29,81,195,373,641,1037,1301,1154,877,566,263,137,76,37
1,6,6,20,14,37,70,147,301,541,825,1082,1243,1093,693
3,6,9,15,30,77,185,371,708,1099,1352,1262,786,430,248
6,15,50,77,130,204,429,782,1100,1249,1118,782,398,174,84
2,4,8,14,43,87,214,392,664,1025,1294,1076,812,506,307
8,11,34,75,174,272,530,852,1145,1132,927,660,390,217,99
4,5,5,4,5,3,8,16,48,119,228,404,760,1103,1307
1,9,16,28,68,189,388,675,1107,1229,1095,829,480,243,127
2,10,32,93,171,295,589,929,1143,1103,882,613,358,222,92
4,10,4,15,14,25,43,110,188,352,512,910,1134,1144,929
7,16,52,118,255,464,877,1233,1322,916,625,346,223,123,42
1,16,35,52,154,278,538,910,1244,1408,1047,594,327,153,65
3,5,9,13,27,59,76,144,225,481,692,965,1054,992,755
5,9,23,47,98,172,379,655,939,1196,1115,889,577,267,137
7,12,24,20,13,19,59,131,218,441,719,1124,1224,1067,679
1,3,8,21,60,144,328,544,831,1103,1139,946,715,499,250
4,4,7,1,17,26,60,86,227,489,881,1215,1450,1032,621
5,30,64,136,252,495,855,1280,1245,969,623,389,236,144,44
6,8,26,73,159,327,625,1066,1351,1229,898,466,256,176,85
3,17,38,72,165,376,682,1138,1401,1233,816,474,250,159,61
5,33,92,156,351,703,1108,1215,1208,876,534,260,135,55,29
4,4,14,40,107,153,327,560,935,1260,1248,874,562,314,145
3,8,39,68,158,354,637,1036,1321,1127,810,535,270,161,77
7,21,30,51,90,174,362,699,1104,1280,1155,789,485,250,126
2,6,11,31,65,117,182,374,650,967,1216,1155,864,542,290
6,22,66,150,300,514,792,1144,1192,936,577,349,199,119,105
4,8,28,70,185,350,616,1099,1318,1223,880,513,307,144,61
2,2,3,4,5,7,8,19,60,133,293,616,1016,1335,1376
6,13,37,78,162,288,580,940,1359,1298,1028,577,305,121,53
4,21,23,59,132,243,422,686,1009,1160,1101,822,458,291,151
2,6,24,37,98,199,459,724,1065,1386,1274,865,428,217,86
4,6,11,21,61,118,223,435,772,977,1255,1052,791,436,262
5,15,20,62,153,303,553,873,1264,1322,1001,648,328,125,54
5,10,34,57,127,250,480,705,1027,1213,1025,742,437,242,132
2,7,9,15,23,62,114,209,382,668,1082,1245,1087,740,429
2,2,6,10,26,38,130,211,399,654,1004,1209,1075,749,454
7,6,6,7,15,25,59,127,239,399,693,1033,1340,1138,833
2,4,5,11,20,37,74,173,286,489,743,986,1107,1014,744
4,12,42,109,278,468,841,1182,1218,967,663,396,251,103,51
7,9,15,40,86,161,331,613,1007,1223,1141,878,577,341,199
4,6,3,6,25,16,47,67,86,208,417,686,1098,1336,1195
4,23,66,154,278,536,960,1161,1161,925,664,387,178,111,57
2,5,22,51,152,258,564,983,1310,1304,970,561,328,194,63
3,2,11,34,88,185,327,582,976,1263,1259,948,583,310,172
4,19,62,129,322,607,988,1173,1154,961,670,377,209,81,41
4,3,13,35,66,180,335,643,1055,1325,1200,864,562,331,162
3,5,12,25,70,171,286,468,789,1134,1128,985,661,422,193
3,5,10,35,81,176,432,775,1148,1285,1102,779,420,260,129
2,1,3,4,6,12,15,44,123,232,475,765,1175,1308,1109
4,3,15,36,47,112,298,535,843,1145,1252,995,694,392,189
2,11,28,45,88,211,444,749,1087,1271,1027,715,449,250,147
2,1,3,10,28,64,102,221,392,852,1214,1257,1151,789,427
4,21,61,145,308,506,833,1214,1347,1038,570,304,146,88,39
7,5,15,29,81,182,362,683,1017,1320,1181,868,499,283,131
4,4,13,14,29,53,96,189,335,526,806,1073,1076,844,651
2,13,33,86,114,264,501,935,1152,1282,1006,673,355,196,81
10,29,79,208,434,792,1031,1350,1271,780,470,234,124,59,23
7,16,64,155,251,508,835,1144,1184,1055,727,391,223,121,44
3,3,10,18,47,73,204,434,828,1196,1306,1120,716,430,253
7,7,3,12,23,37,87,156,354,662,1019,1203,1211,848,524
3,3,14,16,31,59,171,313,513,964,1260,1260,986,580,288
3,12,21,38,92,133,182,334,599,914,1186,1148,812,510,299
5,11,16,32,37,79,158,323,680,1055,1221,1091,898,548,319
5,15,30,63,155,338,699,1151,1363,1151,776,497,268,115,55
6,15,26,54,158,328,513,832,1064,1097,946,653,406,239,120
5,12,27,59,82,127,269,504,877,1180,1264,973,706,429,232
5,10,21,50,86,151,274,464,756,1053,1051,938,641,397,227
4,14,21,43,130,260,525,908,1345,1374,1006,569,306,183,99
3,8,13,21,57,115,298,501,888,1182,1224,977,655,352,205
2,1,2,9,8,17,23,23,41,132,234,447,770,1055,1175
6,14,18,49,89,201,439,859,1182,1362,1085,708,387,185,107
3,5,12,12,25,60,84,209,400,690,1158,1297,1142,777,424
2,1,4,20,60,155,275,484,772,1064,1325,1056,705,420,211
6,8,8,11,19,35,107,219,419,814,960,1076,955,714,503
1,3,9,35,74,172,409,763,1063,1219,1096,832,530,305,162
2,10,43,82,187,440,741,993,1214,1095,812,441,256,150,78
5,16,17,55,121,214,475,841,1156,1368,1076,637,352,181,84
1,6,25,64,142,311,505,863,1036,1137,1002,588,367,206,102
2,8,14,29,58,130,246,386,655,1004,1173,985,766,511,330
3,4,7,3,2,12,42,96,241,524,908,1129,1205,998,693
4,15,36,59,146,291,526,844,1012,1125,1050,691,437,229,118
1,10,12,14,30,73,171,380,635,1049,1275,1173,890,512,283
5,3,13,36,64,180,278,455,836,1256,1309,1005,664,399,174
5,4,20,23,51,119,254,468,791,1104,1165,1033,741,480,276
2,5,13,18,22,34,79,152,302,498,825,1186,1265,1050,668
3,10,6,10,9,4,3,7,17,41,91,238,517,962,1307
5,6,11,11,36,64,145,267,479,893,1232,1226,1049,703,382
3,21,65,123,250,539,900,1217,1320,984,656,346,203,80,44
4,23,47,87,233,492,798,1165,1289,1001,712,415,227,96,51
3,1,6,7,28,92,151,345,703,1046,1209,1126,899,541,264
10,4,18,24,43,76,127,239,543,839,1189,1184,957,615,351
4,7,7,16,43,118,230,456,701,1039,1196,988,750,455,254
3,7,18,44,100,224,500,819,1216,1389,1129,700,367,182,98
5,5,19,30,77,120,269,576,864,1134,1250,1016,631,352,215
5,9,10,16,44,77,147,284,571,928,1245,1335,980,605,324
4,9,12,26,37,53,105,206,332,654,981,1075,1125,899,539
1,4,1,6,23,62,108,186,421,754,1097,1266,1282,840,500
4,3,8,14,46,107,213,390,675,1050,1295,1155,804,514,302
2,20,28,27,35,98,193,502,812,1166,1253,1060,729,412,205
2,6,5,19,39,48,85,174,314,525,873,1165,1244,940,617
4,11,27,14,29,45,76,122,268,638,970,1313,1264,908,556
2,2,7,28,76,152,320,559,779,1055,1136,924,652,386,276
8,29,43,97,207,436,798,1096,1219,1105,731,457,253,103,68
4,16,29,77,147,319,649,964,1263,1232,861,561,300,169,98
6,6,10,44,85,217,400,667,1071,1165,1083,836,576,312,155
4,9,13,36,45,113,208,395,759,1200,1285,1114,740,431,219
5,16,18,56,153,227,472,809,1117,1173,942,661,404,248,134
3,2,5,6,22,58,111,225,364,769,1045,1220,1217,802,467
3,10,14,34,101,203,359,628,909,1152,1206,926,559,306,158
8,18,38,86,168,323,700,1157,1424,1287,843,465,224,128,53
1,7,13,31,42,80,157,314,565,801,1048,1207,1064,647,387
3,2,2,4,5,6,3,8,18,36,74,145,271,415,759
1,5,13,42,90,180,367,728,1125,1365,1179,762,412,214,156
2,7,25,48,124,208,432,712,1013,1243,1053,764,459,258,144
3,14,42,57,88,163,366,623,945,1205,1141,808,512,272,174
11,10,22,31,97,231,468,780,1199,1258,1054,704,466,232,119
2,6,25,69,136,258,524,838,1211,1229,1055,632,359,155,52
3,8,23,40,97,221,432,730,1096,1129,1072,763,472,257,141
1,15,71,144,307,498,793,1043,1018,925,658,480,243,136,66
15,39,81,205,402,730,1167,1387,1179,825,401,214,81,53,12
5,3,4,16,24,66,138,288,481,747,1051,1193,1102,747,411
2,10,17,33,63,170,294,437,725,980,1115,986,799,486,274
8,9,38,43,77,135,323,578,903,1165,1229,1013,575,290,149
2,6,26,69,143,360,691,1011,1334,1157,868,603,291,154,85
3,12,17,31,85,201,360,681,975,1204,1114,862,493,280,119
5,13,23,42,100,127,297,570,826,1143,1296,1070,597,335,158
3,1,6,16,37,60,110,247,502,844,1158,1331,1034,629,373
4,8,12,17,43,147,283,520,907,1210,1170,1012,619,380,194
2,13,25,62,102,251,492,820,1230,1285,946,660,389,194,117
1,6,2,6,12,12,14,60,154,307,506,867,1248,1212,929
5,8,7,17,32,70,106,288,515,887,1234,1284,1017,657,327
6,7,15,8,20,34,63,131,276,519,852,1199,1286,1003,684
2,7,9,31,32,86,191,371,672,1015,1315,1222,813,571,305
3,22,38,66,132,254,472,793,1106,1263,1022,740,428,226,100
4,9,32,64,128,250,411,642,858,987,1060,810,590,377,202
8,7,14,32,75,176,262,485,872,1228,1220,989,649,337,209
4,17,43,48,79,144,296,561,882,1211,1218,1016,582,343,161
3,4,4,24,39,83,196,275,510,838,1147,1145,868,560,379
3,3,1,5,9,21,41,104,252,396,589,920,1154,1078,848
3,9,8,23,27,61,158,269,563,830,1161,1250,1034,693,380
1,8,2,3,11,36,42,80,202,355,695,1048,1273,1227,846
7,6,33,94,185,367,704,1156,1302,1193,769,438,253,158,74
3,5,18,28,51,117,184,359,650,1005,1279,1134,850,552,275
3,11,19,27,75,146,302,575,1014,1319,1310,947,590,339,161
2,7,17,19,27,84,167,343,690,1098,1279,1185,808,525,250
7,3,10,41,71,149,300,625,1004,1292,1296,948,570,258,131
9,22,84,180,330,605,993,1257,1176,940,587,332,134,57,20
5,5,9,36,86,179,312,532,844,1161,1229,1028,619,370,218
3,10,32,77,185,375,720,1051,1292,1148,855,507,302,129,49
5,20,44,76,169,370,746,1087,1321,1237,830,513,245,155,61
2,4,5,22,67,96,227,424,801,1145,1233,1133,768,485,233
3,9,15,47,82,210,360,570,887,1069,1107,892,654,383,180
4,7,13,22,28,52,108,258,459,776,1220,1201,1097,661,385
2,8,17,49,85,164,309,607,1012,1294,1260,853,512,295,141
5,2,2,17,40,112,252,526,804,1068,1084,933,692,379,251
2,4,10,8,41,74,175,383,789,1204,1353,1133,774,412,188
2,9,22,41,60,139,252,462,830,1182,1334,1010,629,343,168
4,7,28,55,93,253,546,997,1332,1349,1026,575,291,127,39
6,7,22,26,57,106,188,391,643,1047,1321,1136,801,495,271
6,16,11,12,18,37,88,219,412,806,1132,1288,1136,792,414
2,14,5,10,26,40,61,111,247,515,901,1138,1260,1084,662
3,6,19,31,66,160,275,585,956,1170,1236,1065,662,346,197
4,22,46,70,120,215,370,722,1025,1139,1162,870,465,272,113
4,6,8,13,18,48,108,187,385,706,952,1191,1097,833,512
1,4,6,16,23,51,123,199,345,658,907,1158,1104,907,614
7,23,46,98,157,277,526,833,1047,1195,992,668,354,179,100
11,35,59,161,307,619,1011,1419,1314,905,560,249,140,74,36
4,6,18,40,62,150,302,580,894,1231,1250,934,612,327,181
7,11,25,54,119,259,499,896,1314,1266,1046,609,336,155,88
11,42,92,198,422,766,1184,1344,1144,724,399,246,143,95,45
6,12,30,56,110,190,343,644,850,1078,1181,928,560,328,190
2,7,11,22,79,172,327,684,1021,1317,1231,810,530,277,163
1,1,2,2,3,6,14,30,56,137,317,598,941,1160,1147
7,14,16,29,48,111,256,528,793,1052,1224,1174,805,426,249
5,16,33,104,246,540,857,1194,1249,953,698,346,195,101,68
5,15,28,78,142,318,575,929,1103,1199,971,679,345,180,89
3,8,8,19,57,176,309,639,1048,1334,1203,937,582,283,151
4,15,27,53,119,254,504,891,1207,1273,1016,638,370,197,100
11,42,68,144,281,548,928,1230,1256,968,628,290,153,82,35
3,9,10,25,66,135,282,575,1004,1293,1244,844,522,334,162
6,24,41,47,95,172,340,599,950,1102,1013,878,586,351,174
8,13,30,62,198,454,915,1425,1487,1008,621,330,163,73,50
1,7,11,24,50,94,164,312,576,927,1179,1136,910,660,347
6,17,32,66,134,244,510,952,1333,1309,1070,611,311,170,64
2,4,2,20,76,183,382,775,1140,1293,1099,751,446,235,122
3,12,34,49,141,203,295,448,755,1054,1131,937,700,341,217
8,31,60,122,296,614,1012,1275,1294,903,559,258,154,76,40
10,21,36,49,140,315,571,966,1307,1252,916,540,278,116,63
2,2,12,29,31,50,71,92,143,240,484,706,1047,1194,1057
4,4,6,8,34,66,126,200,409,657,905,1059,1085,851,581
5,13,25,60,155,342,627,938,1134,1142,922,597,379,215,103
2,3,2,11,28,44,72,162,255,526,789,1019,1162,1005,720
3,1,9,7,4,20,46,88,170,365,772,1126,1268,1188,805
2,3,4,7,21,23,43,108,189,300,616,1043,1292,1212,919
8,19,39,97,168,381,754,1114,1275,1054,770,397,260,132,80
4,11,19,43,53,129,294,547,861,1164,1226,982,685,403,195
6,5,6,3,10,10,40,67,111,232,463,826,1198,1256,1019
3,13,26,58,88,164,291,533,849,1153,1066,832,591,390,240
3,1,2,7,12,25,52,114,257,450,825,1116,1207,1034,746
5,6,25,71,132,266,502,900,1245,1412,912,505,293,182,124
5,11,26,60,97,207,431,640,950,1120,1029,822,534,333,171
4,10,31,49,70,104,194,363,710,1092,1220,1167,780,507,293
10,11,14,30,54,113,270,487,918,1131,1063,913,564,416,261
5,15,33,68,125,263,529,786,1121,1271,1092,727,425,219,99
6,11,13,32,89,214,428,743,1101,1240,1165,788,511,217,113
1,6,6,7,12,38,96,180,363,589,1028,1280,1195,848,543
3,6,12,37,111,221,524,862,1229,1321,1021,726,396,196,93
9,12,8,17,25,52,63,125,249,421,718,1054,1129,960,765
5,3,5,8,6,16,52,109,178,373,651,991,1275,1236,807
5,3,4,15,46,67,139,294,470,833,1205,1257,936,675,416
4,11,20,32,62,99,204,335,586,899,1167,1133,920,547,286
1,5,11,17,22,79,125,251,491,844,1097,1265,977,630,406
4,4,5,18,16,36,60,124,238,430,720,1091,1178,1041,741
5,3,3,11,38,76,136,289,628,980,1445,1299,971,556,270
2,7,13,32,76,234,471,780,1072,1239,1098,755,458,272,137
4,6,13,16,50,87,192,375,720,1148,1328,1217,834,443,220
2,8,6,2,8,15,18,28,27,51,85,207,386,629,986
2,2,9,19,34,59,113,186,400,817,1047,1152,1065,789,463
2,1,12,36,86,186,301,566,916,1197,1185,831,604,357,183
3,6,16,34,26,52,102,205,361,600,904,1126,1069,832,546
7,25,56,104,264,496,839,1279,1373,1106,712,405,223,62,30
6,2,2,5,2,1,2,8,18,20,39,76,151,303,572
4,14,31,67,165,309,582,911,1179,1326,1028,544,300,162,70
3,13,43,136,263,617,898,1298,1324,989,649,392,199,86,32
3,11,18,46,99,200,442,731,1035,1191,1114,822,473,249,148
2,4,2,14,28,64,154,259,581,856,1201,1141,896,610,319
8,10,23,48,124,248,499,922,1278,1307,968,681,386,176,77
3,8,23,65,161,340,655,1067,1409,1332,903,524,271,149,63
3,6,6,23,57,103,204,337,535,841,1070,1119,888,600,407
2,3,1,6,12,24,53,110,226,460,796,1091,1190,1079,690
4,5,10,6,12,29,54,139,310,572,929,1280,1302,998,591
2,9,19,27,64,84,156,328,615,962,1179,1209,959,596,326
4,15,19,39,82,128,228,466,712,1018,1157,1043,791,558,307
3,8,8,25,39,117,262,482,675,1028,1189,1028,769,464,278
4,13,34,73,150,347,566,947,1310,1331,953,432,225,127,74
1,22,68,121,340,577,1071,1373,1343,955,502,277,154,85,42
4,4,6,7,16,25,59,130,223,427,752,1062,1202,1044,723
6,6,17,44,67,162,309,571,880,1157,1299,1040,581,346,169
2,2,5,1,4,14,24,51,139,277,588,950,1361,1452,923
5,13,9,11,18,56,172,287,541,964,1299,1182,942,635,347
3,4,4,5,5,15,31,74,142,307,519,774,1051,1124,984
1,6,14,16,28,78,201,416,637,1069,1336,1076,823,482,267
2,17,42,81,166,302,637,1081,1337,1257,896,485,274,165,73
2,2,8,35,66,156,324,624,923,1257,1218,873,569,297,168
5,7,19,51,107,213,391,701,1068,1283,1127,771,402,234,123
5,22,20,61,144,291,588,972,1164,1186,882,566,317,172,88
5,11,6,28,28,57,114,233,480,854,1162,1254,995,697,355
5,11,14,24,49,114,237,508,923,1267,1199,932,668,388,209
4,8,22,59,105,224,543,868,1116,1152,972,711,435,218,110
3,14,24,19,29,35,90,176,417,775,1132,1310,1173,758,423
1,1,4,7,22,58,112,191,327,598,984,1297,1126,881,564
2,5,10,17,45,130,315,609,1044,1339,1294,877,540,266,126
3,9,28,56,101,228,425,708,1078,1247,1147,801,476,235,140
2,2,17,25,54,95,143,393,720,1174,1282,1049,725,434,221
4,7,17,40,72,162,330,663,1044,1262,1133,853,533,306,165
3,10,15,37,63,127,288,471,800,1087,1187,977,632,378,226
5,6,9,23,41,66,152,304,553,915,1147,1216,1028,658,367
3,13,22,31,35,54,111,187,388,679,987,1147,994,710,482
14,28,96,176,423,829,1277,1456,1181,753,396,187,72,46,9
5,9,15,38,88,186,387,759,1139,1362,1119,782,447,260,127
3,13,43,111,204,462,799,1156,1219,1103,711,447,223,129,75
2,4,2,8,16,53,110,248,526,929,1298,1309,988,639,358
3,5,5,9,29,35,56,110,207,396,665,977,1257,1069,772
4,4,16,35,59,107,224,435,806,1137,1329,1049,670,400,225
3,8,27,42,61,91,205,388,586,863,1083,1209,872,623,326
3,5,18,44,102,175,338,544,956,1217,1217,895,615,319,176
1,2,3,8,17,45,96,210,362,569,924,1084,1160,922,518
8,12,13,34,59,160,305,651,1002,1315,1174,908,530,262,138
2,7,17,22,39,92,187,284,576,963,1264,1209,918,585,312
1,2,3,12,41,79,112,196,451,718,1181,1273,1103,752,510
4,7,21,43,99,147,285,615,859,1134,1199,954,638,357,186
3,8,11,17,23,39,83,169,312,601,945,1237,1278,868,458
3,3,1,10,46,62,151,259,440,719,992,1121,1026,713,411
7,15,32,53,157,255,514,929,1213,1256,955,665,347,171,59
1,3,11,12,16,39,87,198,401,675,969,1056,1100,836,533
7,21,41,97,190,398,695,976,1112,1036,801,506,352,200,90
3,16,37,88,156,367,633,1099,1238,1167,926,555,305,134,78
11,9,17,49,82,179,378,692,967,1176,1113,838,523,318,178
3,3,14,40,54,152,332,551,975,1172,1220,938,562,347,174
7,24,34,95,263,600,925,1220,1141,948,689,420,240,138,52
2,13,30,61,176,336,624,1057,1265,1129,869,507,259,135,77
1,3,13,21,39,111,187,444,743,972,1176,1131,776,487,274
4,11,19,18,45,144,338,572,932,1222,1382,983,615,317,144
3,4,9,17,46,85,173,376,678,1098,1274,1182,807,469,291
6,15,20,35,95,147,325,619,995,1233,1236,943,564,276,140
3,8,7,25,53,112,194,332,568,957,1321,1275,863,555,256
4,10,11,15,18,49,90,160,301,637,949,1279,1232,904,543
3,8,20,46,102,203,381,628,949,1223,1076,720,551,325,145
4,12,49,119,281,579,940,1240,1279,929,628,345,194,111,43
5,7,15,41,61,100,214,413,729,1064,1282,1216,817,463,239
7,17,39,90,238,381,642,1048,1428,1342,870,483,258,128,62
2,20,54,120,211,408,726,1095,1118,1068,829,505,300,150,75
3,10,12,29,43,123,266,507,903,1204,1337,1022,653,333,177
2,10,13,33,42,80,145,242,438,683,919,1123,1032,815,539
9,19,37,74,120,277,616,995,1187,1224,868,593,369,186,82
5,17,42,108,218,446,829,1192,1437,1115,741,407,188,91,22
3,7,16,30,75,134,214,371,631,922,1151,1070,781,499,306
5,10,41,93,127,232,399,716,1105,1258,1119,816,472,244,102
6,8,5,20,58,138,281,543,910,1096,1211,1030,653,305,171
3,7,20,35,87,209,348,643,1011,1254,1219,826,513,287,128
3,15,38,80,186,342,637,969,1223,1250,832,551,295,131,90
11,26,39,93,188,418,659,1030,1256,1080,761,500,286,148,72
2,5,11,17,58,114,225,479,849,1192,1299,1080,713,446,249
3,13,32,48,68,124,282,583,889,1159,1203,967,599,350,168
5,5,8,6,4,3,11,10,25,47,117,199,407,667,1103
5,18,31,67,167,337,599,984,1202,1126,893,628,318,145,74
7,8,33,51,109,228,426,810,1172,1339,1107,731,386,174,89
3,8,27,55,91,154,278,452,823,1141,1332,1144,742,381,206
3,2,15,32,67,99,196,418,677,1069,1132,1055,851,479,255
5,9,5,9,12,24,40,73,158,300,545,943,1248,1264,926
1,3,20,35,115,249,534,937,1295,1343,1078,646,354,192,101
4,6,11,13,22,54,75,138,261,448,804,1099,1142,973,674
4,17,68,145,275,511,814,1251,1206,1012,638,317,159,103,45
4,12,24,33,95,170,353,677,1050,1257,1110,852,462,257,144
5,12,9,24,40,67,138,309,697,1029,1236,1181,859,521,316
4,9,12,32,132,231,418,684,980,1108,1007,781,511,283,201
3,5,1,9,19,28,51,98,239,404,656,1017,1256,1060,755
2,2,2,27,44,86,176,314,674,1089,1326,1242,877,506,234
5,30,85,216,360,643,1093,1271,1173,805,503,258,158,90,62
1,3,26,32,67,134,314,611,944,1235,1105,845,572,337,176
4,14,18,45,87,150,272,572,1003,1142,1153,921,571,318,182
2,5,7,11,29,59,104,189,404,705,1070,1308,1085,752,468
1,7,8,13,38,105,219,420,733,1066,1239,1026,808,591,330
3,10,33,64,96,186,382,779,1119,1253,1168,771,432,236,151
5,37,76,215,424,735,1218,1317,1227,802,502,271,127,82,50
4,10,15,22,58,89,143,321,601,966,1304,1213,861,487,301
2,6,8,14,25,59,121,202,454,831,1099,1296,1059,727,386
2,2,19,37,71,146,281,516,878,1143,1178,1039,734,434,191
2,6,11,31,94,223,413,787,1107,1307,1156,800,492,222,90
3,27,37,48,117,280,550,906,1200,1297,976,585,351,173,85
7,18,28,53,126,201,316,576,950,1142,1083,976,618,308,156
2,17,69,131,288,597,886,1245,1256,1005,614,332,161,79,18
2,6,19,42,96,240,535,931,1228,1329,955,589,372,199,114
5,15,38,89,169,303,612,1044,1356,1311,922,521,223,106,59
2,13,30,56,85,204,349,678,959,1203,1151,910,527,290,132
9,17,15,31,57,150,257,493,743,1104,1179,1064,725,455,225
2,4,2,5,20,65,173,380,650,968,1169,1168,866,578,294
6,6,6,10,32,60,113,195,387,713,972,1181,1153,780,501
9,17,48,87,174,373,606,908,1207,1189,857,591,363,181,97
4,4,6,11,26,82,165,367,655,1041,1368,1276,902,502,226
2,16,16,35,54,152,336,571,886,1169,1164,1012,656,356,181
5,10,32,60,98,233,433,696,1026,1205,1094,801,500,283,149
2,11,36,60,115,219,436,812,1192,1285,1038,756,436,214,99
4,10,27,86,143,311,574,1013,1111,1159,962,610,410,224,106
4,10,12,42,83,162,255,459,752,1189,1252,953,714,357,194
2,6,27,72,121,235,487,824,1253,1413,1038,683,358,183,100
3,5,17,31,92,157,318,594,896,1208,1232,985,681,388,182
5,11,15,33,84,182,311,569,955,1208,1164,875,555,304,155
3,7,8,5,24,33,57,92,198,371,622,996,1231,1099,862
4,7,11,21,13,28,58,115,235,538,913,1369,1387,1046,596
2,5,4,14,27,49,96,261,530,863,1191,1281,1067,704,352
5,26,50,157,361,715,1134,1291,1165,740,518,302,163,69,24
6,2,3,5,11,35,95,208,389,683,1100,1270,1202,811,522
1,2,1,6,3,6,9,4,7,23,51,103,260,499,869
3,9,16,26,60,145,297,586,944,1317,1277,957,610,292,174
6,15,41,72,138,236,427,867,1118,1138,960,708,446,228,106
4,27,94,186,330,668,963,1188,1054,921,591,337,192,82,34
1,3,12,27,40,70,158,408,838,1250,1282,1071,701,358,183
3,4,17,20,32,72,115,208,378,587,919,1109,1016,816,530
5,6,8,15,66,173,372,636,936,1093,1133,915,619,397,198
4,18,43,67,177,347,620,984,1291,1184,881,517,316,187,99
3,3,2,5,18,30,49,81,165,425,857,1207,1395,1181,769
1,2,5,13,25,62,152,277,482,817,1087,1132,970,716,436
5,9,23,31,60,153,338,631,1070,1306,1186,866,514,296,152
4,3,20,73,204,378,633,947,1263,1119,892,571,308,143,81
3,6,9,9,17,20,36,87,190,322,640,1064,1202,1172,829
3,1,3,4,27,40,80,173,350,646,1018,1379,1234,905,514
4,16,32,69,179,468,777,1232,1419,1155,764,402,203,113,60
5,1,18,37,95,205,382,713,1056,1269,1090,823,498,295,148
3,12,26,54,131,239,423,683,1081,1151,1044,753,467,301,149
2,12,8,22,17,32,41,94,192,403,721,1111,1293,1154,787
4,6,26,35,40,58,109,290,553,941,1236,1191,935,632,350
4,6,18,25,32,71,114,191,332,555,917,1039,930,802,597
3,9,17,29,84,218,457,732,1217,1401,1100,732,461,278,146
7,13,8,22,50,124,275,499,828,1146,1135,976,694,452,262
7,21,51,133,319,596,983,1280,1296,944,561,317,183,87,51
2,9,37,60,128,262,548,866,1182,1310,970,651,352,170,70
6,11,7,30,54,87,162,275,545,747,1045,1160,1051,694,450
3,6,7,16,31,80,170,328,597,893,1095,1056,850,569,396
2,15,49,105,263,593,960,1405,1375,990,580,302,137,55,31
1,4,4,8,12,14,38,82,153,217,375,704,928,1063,1045
4,3,27,44,83,185,461,782,1220,1350,1125,669,418,218,93
2,6,21,36,54,129,284,583,970,1200,1293,934,595,324,187
2,15,15,25,57,94,199,390,572,885,1077,1040,782,550,322
2,3,7,21,29,53,129,269,507,863,1182,1273,1060,745,416
8,23,49,77,166,314,591,984,1415,1199,930,542,267,146,47
4,11,18,57,145,266,479,795,1191,1330,1032,697,401,217,72
3,6,6,14,27,98,162,311,501,861,1211,1293,997,574,322
1,1,3,12,28,60,133,261,470,747,1100,1195,1078,764,521
3,8,27,50,102,229,374,645,940,1195,1207,898,523,329,182
3,2,6,27,61,188,354,703,1050,1193,1149,817,475,278,153
3,6,7,16,19,23,59,118,261,531,902,1318,1443,973,560
4,10,26,32,76,163,286,526,980,1280,1286,898,617,308,143
4,14,28,47,133,248,457,877,1155,1202,873,676,407,205,113
5,21,56,163,276,510,847,1048,1147,937,638,456,276,166,80
4,3,6,15,25,111,257,521,814,1223,1230,1062,729,349,196
6,27,54,151,357,622,1009,1279,1274,907,527,308,132,64,30
3,19,50,94,198,330,612,819,1028,1038,857,640,408,207,122
6,6,4,7,32,70,160,274,521,800,1097,1134,1016,644,384
8,22,46,121,249,442,675,916,1103,1015,761,533,250,149,88
4,4,3,4,5,13,14,51,124,273,490,864,1072,1208,961
7,9,21,41,68,123,263,498,786,1080,1143,982,657,408,251
4,10,14,14,31,54,115,243,421,695,1142,1255,1116,750,441
2,9,39,98,197,344,666,977,1222,1147,914,517,352,180,113
2,7,15,19,49,107,188,383,703,1054,1297,1127,793,471,232
5,2,6,13,52,105,223,416,727,1067,1213,1208,875,466,287
3,8,10,36,112,274,499,840,1162,1189,1010,694,377,214,125
2,6,7,13,23,31,63,144,258,508,830,1197,1257,1021,638
4,16,21,45,83,193,343,697,979,1228,1082,837,500,288,172
3,13,16,47,148,340,723,1031,1278,1272,876,525,298,149,73
9,45,101,243,452,744,1096,1224,1102,755,435,258,180,75,49
8,24,85,152,255,341,543,857,1125,1097,848,625,310,205,126
3,6,21,62,169,311,467,819,1124,1247,1001,591,356,221,100
3,15,31,61,100,228,381,603,1028,1189,1127,755,531,306,183
4,6,24,66,147,291,463,783,1129,1204,1041,710,391,243,121
8,8,15,41,102,211,411,792,1099,1252,1101,791,413,227,123
5,15,57,78,139,333,643,987,1310,1242,919,518,279,125,79
3,6,5,22,16,52,90,197,382,724,1028,1237,1204,839,489
4,12,46,113,211,381,644,1024,1232,1194,857,534,283,121,71
4,11,22,35,62,126,285,571,872,1092,1206,994,671,414,180
4,6,24,42,82,179,306,583,922,1220,1149,998,587,305,156
4,2,9,20,48,102,173,372,679,935,1095,1014,807,550,299
2,8,8,10,14,26,63,130,279,518,885,1198,1284,1088,724
1,10,4,3,9,20,67,137,308,550,928,1123,1148,921,627
7,20,25,32,47,105,165,377,649,938,1168,1097,786,506,338
3,14,13,37,45,84,168,343,638,1009,1187,1174,853,517,294
5,6,26,62,99,174,304,569,919,1081,1083,910,621,359,211
5,10,32,77,141,247,430,759,1093,1205,1030,700,415,206,121
4,5,5,9,32,80,132,341,684,1174,1317,1238,881,498,275
2,6,27,54,75,169,358,680,1017,1334,1262,889,524,292,143
4,7,14,44,122,264,477,748,1168,1405,1091,658,346,162,94
3,9,17,31,71,135,229,433,841,1019,1205,969,732,466,263
2,16,18,24,40,44,74,150,309,569,873,1149,1097,929,604
4,4,10,36,97,206,353,612,940,1206,1092,779,545,368,194
8,23,21,43,116,228,445,796,1090,1233,1062,778,437,237,111
2,13,36,76,148,320,635,1021,1266,1139,873,547,316,192,81
4,15,23,49,104,189,402,667,979,1215,1161,939,535,313,141
4,3,6,16,77,150,318,489,876,1162,1232,1055,730,440,225
1,3,12,18,34,77,185,299,673,1050,1318,1273,844,479,253
3,10,8,26,27,63,165,279,595,892,1191,1332,965,588,298
3,6,41,83,163,266,426,720,1065,1269,1128,836,465,224,152
1,5,23,74,111,316,548,924,1319,1290,1031,589,329,180,109
2,10,8,33,61,129,251,452,763,1074,1232,1024,743,396,192
3,5,7,10,14,10,29,31,71,115,202,416,827,1108,1260
3,4,7,14,26,76,153,282,438,855,1257,1242,941,684,354
3,6,7,18,46,86,200,353,621,993,1327,1280,882,491,225
4,16,43,122,206,513,1013,1450,1429,1014,599,317,164,80,29
4,14,34,68,123,218,465,801,1102,1245,1050,749,435,221,120
6,6,5,6,20,64,145,263,554,932,1222,1229,940,626,368
2,5,4,14,35,61,138,272,594,961,1351,1317,950,576,272
5,5,9,13,19,29,68,126,233,492,777,1054,1208,1102,736
7,18,37,101,207,391,720,934,1181,1076,816,531,302,140,59
2,8,18,23,46,110,190,421,807,1164,1262,1155,721,437,226
6,14,27,42,85,164,268,541,951,1368,1355,991,578,288,163
3,6,6,12,30,86,200,365,665,998,1170,1169,806,481,296
1,1,2,8,11,18,44,129,261,516,789,1193,1364,1039,672
4,6,8,13,41,71,199,346,645,1028,1284,1156,823,559,289
12,21,47,125,225,443,851,1186,1234,1054,708,384,243,121,49
5,6,15,27,55,135,323,590,842,1069,1051,930,609,411,260
5,10,4,17,27,41,47,106,235,415,728,1046,1169,971,750
2,4,9,12,13,25,38,73,189,413,821,1274,1350,1107,706
4,10,26,53,127,237,412,806,1139,1256,1030,678,378,203,111
7,4,12,25,58,92,159,336,612,1033,1241,1102,855,519,289
5,7,13,14,16,30,77,161,237,464,701,997,1193,1021,693
1,8,14,28,45,115,179,340,598,883,1103,1195,941,603,318
3,7,13,27,57,104,203,420,674,974,1172,1035,795,529,300
1,11,13,25,69,143,355,686,1065,1320,1204,892,466,290,114
1,1,8,19,31,40,68,144,317,697,1219,1435,1167,765,395
7,23,75,164,325,541,833,1047,1110,989,645,407,268,105,64
8,13,34,102,211,330,542,1027,1335,1206,921,540,302,157,93
5,35,85,228,431,811,1189,1235,1004,812,479,257,158,78,17
8,6,14,28,76,122,212,462,840,1139,1231,1142,689,363,190
6,7,43,132,231,479,714,983,1218,1153,851,492,264,140,61
4,13,25,39,67,197,420,815,1302,1417,1087,713,387,192,81
10,30,55,101,218,468,779,1164,1371,1023,710,341,184,93,48
5,12,6,21,60,148,282,505,734,921,1017,947,666,432,273
4,2,8,30,65,151,271,585,959,1305,1267,954,515,280,127
2,7,33,55,132,243,486,903,1196,1262,1072,707,356,187,115
2,4,6,17,58,132,281,546,882,1148,1312,1007,668,385,172
8,8,7,11,51,105,227,480,839,1246,1326,1142,688,380,148
4,9,13,21,62,145,341,599,941,1271,1354,978,578,326,131
4,4,11,9,12,30,50,135,280,579,905,1315,1163,957,626
4,14,25,74,124,249,354,666,1156,1248,1181,893,537,245,131
4,8,4,14,35,86,167,355,673,1043,1286,1196,991,563,315
5,13,21,66,151,304,537,885,1153,1250,982,723,363,194,88
4,8,21,30,29,44,119,197,363,626,972,1199,1223,1010,525
5,11,36,113,202,469,791,1161,1312,1177,767,436,238,116,87
1,10,10,28,61,106,243,463,723,1098,1284,1129,803,488,231
7,14,20,51,105,201,407,688,835,1047,1088,863,591,369,211
12,10,16,27,65,103,194,387,793,1029,1137,1058,706,407,245
4,5,3,5,7,14,39,74,151,316,633,931,1212,1191,888
5,13,18,41,81,140,309,573,885,1148,1165,905,519,320,207
8,11,7,22,51,84,156,307,509,895,1041,1224,926,667,419
4,9,22,43,94,151,292,477,773,1059,1253,1105,749,438,243
3,5,7,9,6,11,44,91,147,304,603,987,1253,1177,898
3,8,7,17,27,86,142,279,524,880,1173,1214,984,563,346
3,8,43,88,132,341,592,901,1194,1300,959,611,290,163,82
3,6,8,11,33,74,113,269,521,929,1299,1191,995,636,379
1,15,25,52,106,199,374,679,1106,1321,1267,891,439,229,91
4,6,27,40,79,175,263,462,767,1084,1143,1052,677,400,242
1,2,12,19,44,122,246,434,734,1079,1282,1080,672,373,221
3,8,29,32,77,136,277,508,934,1301,1226,935,644,336,179
2,5,11,17,31,69,158,238,411,703,1008,1173,1024,738,467
5,8,17,30,58,138,294,557,858,1197,1140,990,648,347,206
1,1,2,6,10,12,19,40,105,172,294,595,963,1178,1231
3,5,30,93,181,360,738,1121,1243,1121,808,500,228,96,56
6,20,41,64,137,247,435,743,1041,1219,1074,674,408,248,151
4,3,11,18,26,58,99,248,459,843,1169,1319,1038,626,404
7,6,6,32,73,186,287,579,885,1142,1089,840,608,403,239
2,3,5,4,11,37,77,139,365,661,920,1168,1121,780,542
7,11,14,28,54,126,198,442,699,942,1083,1045,877,558,254
2,4,14,28,53,101,135,271,534,925,1172,1122,944,638,355
8,14,45,94,180,399,685,1056,1275,1131,804,454,266,137,72
2,8,21,53,143,313,661,930,1279,1248,881,558,308,155,69
4,4,6,24,46,66,123,274,513,841,1093,1227,1030,639,348
5,11,12,8,16,31,91,188,443,811,1058,1222,1094,731,414
4,11,20,80,204,488,864,1291,1298,1050,689,401,205,107,50
1,6,8,45,83,177,304,581,867,1084,1148,923,599,351,187
4,3,11,12,25,54,87,138,294,565,868,1129,1199,969,620
3,5,9,31,80,197,415,706,905,1101,1005,824,521,375,218
6,3,13,25,68,107,272,597,897,1135,1082,945,651,451,242
3,8,29,53,115,247,474,742,1172,1282,1015,724,431,225,105
1,8,23,41,78,158,314,569,937,1246,1110,863,548,328,196
7,17,31,89,175,325,635,890,1131,1195,908,574,345,193,103
4,3,3,4,25,65,132,266,464,790,1098,1255,1068,703,439
4,14,27,66,124,286,470,796,1232,1338,1087,703,450,236,117
3,21,25,94,173,287,539,859,1116,1165,907,597,344,186,81
11,34,111,175,265,506,773,1130,1239,1018,737,397,203,115,50
2,2,3,1,5,13,28,50,91,186,364,706,1111,1293,1194
2,10,29,62,116,230,423,752,1073,1194,1075,769,457,206,130
4,9,32,56,100,169,314,541,867,1173,1192,1017,699,407,194
7,30,65,164,333,564,888,1186,1263,955,590,319,165,83,48
2,1,3,7,12,37,93,146,274,552,910,1185,1268,997,626
3,7,22,42,90,185,409,764,1165,1340,1145,780,452,234,141
3,8,11,19,54,139,240,459,827,1159,1237,1021,645,382,206
6,10,22,47,86,183,353,522,876,1199,1197,923,617,381,205
4,5,8,25,50,137,319,635,1052,1211,1196,835,527,287,163
3,6,13,37,55,118,247,404,754,994,1126,1091,723,402,234
4,1,1,4,7,11,40,103,259,477,776,1125,1386,1126,698
5,25,52,141,237,391,772,1096,1259,1161,732,437,230,127,65
5,25,56,171,354,727,1048,1261,1104,815,472,245,145,82,40
5,16,26,56,124,266,509,827,1116,1219,996,674,375,202,115
5,10,34,52,90,139,282,596,916,1304,1204,897,549,342,172
1,4,10,18,44,59,138,319,608,956,1149,1111,861,619,386
3,14,13,24,14,11,15,25,78,149,315,541,890,1182,1246
7,11,18,45,57,128,260,475,822,1122,1186,974,669,415,200
3,7,14,12,48,121,246,508,849,1202,1240,1020,650,360,193
2,1,8,23,46,89,145,343,542,1002,1289,1175,932,575,371
10,29,60,133,233,414,725,970,1304,1180,745,436,216,117,58
4,3,5,16,66,134,263,523,910,1177,1264,1001,690,414,225
4,10,25,52,120,250,489,851,1136,1193,998,714,453,232,111
2,10,42,112,201,413,827,1162,1264,1079,745,434,258,101,50
4,12,37,114,194,347,547,966,1142,1036,847,571,342,198,111
2,2,6,27,76,188,421,707,1058,1262,1147,868,543,278,133
