"V1","V2","V3","V4","V5","V6","V7","V8","V9","V10","V11","V12","V13","V14","V15"
"1",10.3747876058376,1,1,1.83618896031549,1.81491417369127,2.29156116761937,2.45260479107433,2.05506864125833,1,1,1,1,1,1,1
"2",1,1,1,1,1,2.69630190694978,1,12.4354855904466,1,1,1,1,1,1,1
"3",45.5566497088485,1,11.4362659539077,1.68567262644676,1.75057929951399,12.4354855904466,12.4354855904466,1.85736786069489,2.16561121297873,33.403548652878,15.4241470672676,1,1,1,1
"4",1,1,9.44936076139022,9.44936076139022,9.44936076139022,11.3297622442962,1,1,1,1,1,1,1,1,1
"5",10.3747876058376,33.390622360958,2.50039712653199,1.0950851647364,1.0950851647364,1.1015036044074,1,1,1,1,1,1,1,1,1
"6",1,1,1,1,1,1,1,1,1,1,1,1,1,1,1
"7",1,3.69452789877537,2.34336603587192,1,1,2.69630190694978,2.2127532934013,1,1,1,1,1,1,1,1
"8",1,1,14.4315375120839,1.98224890691099,1,4.42677300634206,6.49049714759709,4.10561557424282,1,1,1,1,1,1,1
"9",55.1622676752603,1,1,1,1,1,1,1,1,1,1,1,1,1,1
"10",10.3747876058376,1,1,19.4228528897712,7.47069061833734,8.84507962175635,1,1,1,1,1,1,1,1,1
"11",79.5519328053381,1,1,7.47069061833734,1.62054260238083,1.57722574564176,1.70735271011667,1,1,1,1,1,1,1,1
"12",1,1,12.4354855904466,1.64225089468946,1.84397692017159,1.59228424960542,1.4629141800379,1,1,1,1,1,1,1,1
"13",1,1,1,1,1,1,1,1,1,1,1,1,1,1,1
"14",1,1,1.04917142563026,1.80848591671123,1.16342698050139,1,1,1,1,1,1,1,1,1,1
"15",1,1,1,1,1,1,1,1,1,1,1,1,1,1,1
"16",1,1,1.83974499296138,3.61524564631341,10.4444419470495,2.69630190694978,6.49049714759709,1,1,1,1,1,1,1,1
"17",1,1,1,6.49049714759709,7.47069061833734,3.66061801506812,1,1,1,1,1,1,1,1,1
"18",1,1,5.51980891299069,29.410997941167,41.4002754074368,8.46794711811416,1,8.45763848183588,2.25553544138197,1,1,1,1,1,1
"19",55.1622676752603,1,1,1,6.49049714759709,6.49049714759709,3.38141582554229,1,1,1,1,1,1,1,1
"20",1,1,1,9.44936076139022,7.96037155811348,4.03113297797662,1.28561571128944,1,1,1,1,1,1,1,1
"21",1,1,1,2.69630190694978,1.49666824593897,4.5577716174235,1.80848591671123,1,1,1.80848591671123,55.3901994852622,1,1,1,1
"22",52.2457387227247,1,1,1,1,10.4444419470495,2.16561121297873,1,1,1,1,1,1,1,1
"23",1,1,1,1,1,1.16004112709293,1.1341956492671,1,1,1,1,1,1,1,1
"24",52.2457387227247,1,2.39208197547084,3.66061801506812,5.51980891299069,4.57125519008174,3.88819702711293,13.4301351643093,16.4244530184947,1,1,1,1,1,1
"25",1,1,1,1,1,1,1,1,1,1,1,1,1,1,1
"26",1,1,1,7.47069061833734,1.80848591671123,5.51980891299069,24.4148233321298,1,1,1,1,1,1,1,1
"27",45.5566497088485,1,1,1,1,1,1,1,1,1,1,1,1,1,1
"28",45.5566497088485,1,1,8.45763848183588,2.79422880644051,2.08962474605455,2.67539004297865,2.10136649746961,2.03718363065507,6.08445389715656,7.47069061833734,1.70020432765291,1.33109354450257,1.30064240185499,1.30064240185499
"29",1,1,1,1,1,1,1,1,1,1,1,1,1,1,1
"30",1,1,3.72170562041726,14.4315375120839,3.88968052967643,1,1,1,1,1,1,1,1,1,1
"31",1,1,1,1,4.5577716174235,3.61524564631341,7.47069061833734,7.47069061833734,5.51980891299069,4.5577716174235,1.80848591671123,1,1,1,1
"32",52.2457387227247,1,1.80848591671123,1.10819560424726,1,2.67475153914673,2.69630190694978,1.80848591671123,1,1,1,1,1,1,1
"33",79.5519328053381,1,1,1.53418461974315,7.1323410367939,2.12265124378379,1,1,1,1,1,1,1,1,1
"34",10.3747876058376,2.54469847664197,1,1,2.69630190694978,1.4629141800379,1,1,1,1,1,1,1,1,1
"35",1,1,1,1,1,1.05878803845648,1,1,1,1,1,1,1,1,1
"36",10.3747876058376,1,1,1,1,1,1.59228424960542,1,1,1,1,1,1,1,1
"37",1,1,3.61524564631341,3.61524564631341,11.4362659539077,16.4244530184947,16.4244530184947,16.4244530184947,15.427771517998,1,1,1,1,1,1
"38",1,1,1,1,1,1,1,1,1,1,1,1,1,1,1
"39",1,1,14.4315375120839,1.79354931904295,1.60474283356059,2.38671972445245,1.98224890691099,1,1,1,1,1,1,1,1
"40",79.5519328053381,1,1,8.45763848183588,12.4354855904466,1,1,1,1,1,1,1,1,1,1
"41",1,1,1,1,1.06701887328797,1,1,1,1,1,1,1,1,1,1
"42",1,1,1,1,1,1,1,1,1,1,1,1,1,1,1
"43",1,1,11.109438105502,1.66396671404696,1.4629141800379,1.38503920642279,1.55565933095065,6.49049714759709,8.45763848183588,8.45763848183588,1,1,1,1,1
"44",55.1622676752603,1,1,1,1,1,1,1,1,1,1,1,1,1,1
"45",10.3747876058376,2.54469847664197,1,1.00814050004724,1.05760571749482,1,1,1.33490353088609,1,1,1,1,1,1,1
"46",1,1,26.4128514580538,27.4120943223182,27.4120943223182,22.4174625637233,1.0721056673163,1,1,1,1,1,1,1,1
"47",52.2457387227247,1,1,1,1,1,1,1,1,1,1,1,1,1,1
"48",1,3.74767627661312,1.4629141800379,1,23.4160549657107,10.7192682447959,4.05765779232579,1,1,1,1,1,1,1,1
"49",1,1,1,1,1,1,1,1,1,1,1,1,1,1,1
"50",1,1,1,1.2870480628014,1,1,1,1,1,1,1,1,1,1,1
"51",1,9.50261948652414,2.40225429210611,1.92768194536675,1.29875979901637,1.4629141800379,7.47069061833734,5.51980891299069,4.9096757413031,1,1,1,1,1,1
"52",52.2457387227247,1,1,1,1,2.32173468356799,2.04325643436213,2.24493471067526,3.61524564631341,1,1,1,1,1,1
"53",52.2457387227247,1,1,1,1.21961304505806,5.51980891299069,6.49049714759709,7.47069061833734,1,1,1,1,1,1,1
"54",1,1,1,1,1,1,1,1,1,1.80848591671123,1,1,1,1,1
"55",1,1,1,1,1,1,1,1,1,1,1,1,1,1,1
"56",10.3747876058376,9.20547345387159,2.00268832769976,1,1,1,1,1,1,1,1,1,1,1,1
"57",79.5519328053381,1,11.4362659539077,13.4301351643093,15.427771517998,13.4301351643093,6.49049714759709,1,1,1,1,1,1,1,1
"58",1,1,9.44936076139022,2.03820648587496,7.06934362198797,2.38335678914102,1,1,1,1,1,1,1,1,1
"59",79.5519328053381,1,1,1,1,1,1,1,1,1,1,1,1,1,1
"60",1,1,1,1,1,3.61524564631341,2.69630190694978,1,1,2.69630190694978,1,1,1,1,1
"61",1,1,1,1,1,1,1,1,1,1,1,1,1,1,1
"62",1,1,1,1,1.19004501359785,1.2870480628014,1.37233098235394,1.80848591671123,1,2.69630190694978,27.3856992742736,1,1,1,1
"63",1,1,1,1,1,1,1,1,1,1,1,1,1,1,1
"64",1,13.5344294372907,2.24370970222308,2.05227446559649,1.4629141800379,1,1,1,1,1,1,1,1,1,1
"65",52.2457387227247,1,6.49049714759709,1.68567262644676,1.33490353088609,8.45763848183588,3.61524564631341,8.45763848183588,1,1,1,1,1,1,1
"66",1,1,1,1,1,1,1,1,1,1,1,1,1,1,1
"67",36.5525558343009,1,9.03694869688515,1.79354931904295,1.64225089468946,1.62054260238083,1.24046667424329,1,1,1,1,1,1,1,1
"68",1,1,3.61524564631341,1.33490353088609,1.17155699201744,3.61524564631341,2.69630190694978,1,1,14.4315375120839,1,1,1,1,1
"69",36.5525558343009,1,1.0097092686455,1.05760571749482,1,1,1,1,1,1,1,1,1,1,1
"70",1,1,1,1,1,1.29875979901637,1,1,1,1,1,1,1,1,1
"71",1,1,1,1,1,1,1,1,1,1,1,1,1,1,1
"72",10.3747876058376,1,16.4244530184947,18.425088792663,18.425088792663,20.4208483394876,23.4160549657107,8.45763848183588,1.19966266350302,1,1,1,1,1,1
"73",1,13.5344294372907,2.83316772056611,1.99117825018279,1,5.51980891299069,1.7289925635092,1,1,1,1,1,1,1,1
"74",45.5566497088485,4.42896526590789,1,1,6.49049714759709,2.58075753580449,2.54196696319223,1.83618896031549,1,1,1,1,1,1,1
"75",55.1622676752603,1,1,1,1,1,1,1,1,1,1,1,1,1,1
"76",1,1,1,1,1,1,1.01839951620618,1,1,1,1,1,1,1,1
"77",10.3747876058376,28.1448832749297,2.50039712653199,1.19004501359785,1,1,1,1,1,1,1,1,1,1,1
"78",1,1,1,1,1,1,1,1,1,1,1,1,1,1,1
"79",1,1,6.49049714759709,1.66396671404696,1.39784429914051,1.4629141800379,1,1,1,1,1,1,1,1,1
"80",10.3747876058376,1,17.4215018052907,2.59121961525364,1.94105020316088,1.89942087850472,21.5177464924163,1.16269754450206,1,1,1,1,1,1,1
"81",1,3.17587532462306,1,1,15.427771517998,14.4315375120839,15.427771517998,13.4301351643093,1,1,1,1,1,1,1
"82",45.5566497088485,1,1,1,1,1,1,1,1,1,1,1,1,1,1
"83",1,1,1,1,1,8.45763848183588,10.4444419470495,10.4444419470495,1.64225089468946,1,1,1,1,1,1
"84",1,1,2.69630190694978,1.20952103208818,1,1,1,1,1,1,1,1,1,1,1
"85",1,1,1,1,1,1,1,1,1,1,1,1,1,1,1
"86",1,1,7.5445789043973,1.62054260238083,1.68567262644676,1.70735271011667,10.4444419470495,1,1,1,1,1,1,1,1
"87",1,1,1,7.47069061833734,7.47069061833734,6.49049714759709,6.13829912003969,1.66153629284611,1,1,1,1,1,1,1
"88",1,1,1,1,1,1,1,1,1,1,1,1,1,1,1
"89",45.5566497088485,1,1,1.80848591671123,1,5.04791150709643,1,1,1,1,1,1,1,1,1
"90",79.5519328053381,1,5.51980891299069,1.98224890691099,1,1,1,1,1,1,1,1,1,1,1
"91",10.3747876058376,1,2.69630190694978,1.27552165338163,1.83618896031549,1.96170326237793,1,1,1,1,1,1,1,1,1
"92",52.2457387227247,1,11.4362659539077,1.81491417369127,1.75057929951399,1.77712562406185,1.77712562406185,3.55244536371114,1,1,1,1,1,1,1
"93",1,1,1,11.4362659539077,6.49049714759709,12.4354855904466,5.51980891299069,1,1,1,1,1,1,1,1
"94",45.5566497088485,1,1,1,1,1,1,1,1,1,1,1,1,1,1
"95",36.5525558343009,1,1.53342046350347,1.21961304505806,1.2870480628014,1.39784429914051,1,1,1,1,1,1,1,1,1
"96",1,1,1,1.57722574564176,1.77210152677037,1,1,1,1,1,1,1,1,1,1
"97",1,1,10.4444419470495,1.68567262644676,1.33490353088609,1.16269754450206,1.11516213977343,1.1015036044074,1,1,1,1,1,1,1
"98",1,24.9875326611267,35.4038959485813,11.3972578821118,4.4985013875041,1,1,1,1,1,1,1,1,1,1
"99",1,9.28658594981453,2.06339040831889,1.81491417369127,1.89942087850472,1.89942087850472,2.06339040831889,1.34725164715477,1,1,1,1,1,1,1
"100",1,1,17.4215018052907,1.92028928067328,2.09027919475802,1.42369830943733,1,1,1,1,1,1,1,1,1
"101",10.3747876058376,1,1,1,1,1,1,1,1,2.69630190694978,1,2.69630190694978,1,1,1
"102",55.1622676752603,1,1,1,1,1,1,1,1,1,1,1,1,1,1
"103",1,1,1,8.45763848183588,3.21408337989023,2.50203285541303,8.45763848183588,4.5577716174235,3.61524564631341,12.4354855904466,1,1,1,1,1
"104",52.2457387227247,1,1,1,1,1.01807675967624,1,1,1,1,1,1,1,1,1
"105",1,1,9.45175635666876,1.62054260238083,1.59886076081892,1.65214598500653,1.80817963268104,5.21560912886371,1,1,1,1,1,1,1
"106",79.5519328053381,1,1,11.4362659539077,12.4354855904466,15.427771517998,15.427771517998,15.427771517998,15.427771517998,1,1,1,1,1,1
"107",55.1622676752603,1,3.60530516441255,6.49049714759709,6.49049714759709,9.44936076139022,13.4301351643093,11.4362659539077,1.2870480628014,1.03994823288376,1,1,1,1,1
"108",1,1,14.4315375120839,8.86116869259028,8.41610294381894,8.71086436438995,4.26757866615006,1,1,1,1,1,1,1,1
"109",1,1.92768194536675,15.427771517998,2.29498756449513,1.74760991499413,1.4629141800379,1.4629141800379,1.43672386527338,1,1,1,1,1,1,1
"110",1,24.9875326611267,2.32371874725687,1.18067452516403,1,1,1,1,1,1,1,1,1,1,1
"111",52.2457387227247,1,1,3.61524564631341,3.61524564631341,1,1,1,36.4042109739177,1,1,1,1,1,1
"112",1,1,1,1,3.61524564631341,1.62054260238083,1,1,1,1,1,1,1,1,1
"113",10.3747876058376,3.8875267483711,21.419056396292,2.50039712653199,1,1,1,1,1,1,1,1,1,1,1
"114",45.5566497088485,1,25.4137583817701,6.86371901639642,3.8187164607761,1.27684762943135,1,1,1,1,1,1,1,1,1
"115",1,1,1,1,1,1,8.45763848183588,1,1,1.21961304505806,1,1,1,1,1
"116",45.5566497088485,1,8.45763848183588,1.70735271011667,1.29875979901637,1.63292079756982,1.62054260238083,1,1.71541286894006,1.4629141800379,1,1,1,1,1
"117",79.5519328053381,1,1,1,1,1,1,7.47069061833734,1,1,1,1,1,1,1
"118",1,1,3.61524564631341,1.29875979901637,1.07745203239714,1,1,1,1,1,1,1,1,1,1
"119",1,1,1,2.69630190694978,2.69630190694978,1,1,1,1,1,1,1,1,1,1
"120",1,1,1,1,1,1,1,1,1,1,1,1,1,1,1
"121",1,3.2926430491384,2.20536078472734,1.43672386527338,1.44979964648167,1.41073456640162,1,1,1,1,1,1,1,1,1
"122",1,1,7.43000810178218,1.44979964648167,1.4629141800379,8.45763848183588,1.27552165338163,13.4301351643093,6.49049714759709,1,1,1,1,1,1
"123",1,1,11.4362659539077,1.87844630115509,1,1,1,1,1,1,1,1,1,1,1
"124",1,1,2.16446251991637,1.20952103208818,6.49049714759709,5.51980891299069,8.45763848183588,1,1,1,1,1,1,1,1
"125",1,1,6.17873930364096,12.4354855904466,11.4362659539077,13.4301351643093,2.69630190694978,1,1,1,1,1,1,1,1
"126",1,1,1,1,1,1,1,1,1,1,1,1,1,1,1
"127",45.5566497088485,1,1,1,2.69630190694978,2.69630190694978,1,10.4444419470495,1,1,1,1,1,1,1
"128",79.5519328053381,1,1,12.4354855904466,1.92028928067328,1,1,1,1,1,1,1,1,1,1
"129",55.1622676752603,1,1,1,1,1,1.80848591671123,1.80848591671123,1.18067452516403,1,1.00814050004724,1.80848591671123,1,1,1
"130",45.5566497088485,1,1,1,3.61524564631341,1.2870480628014,1,1,1,1,1,1,1,1,1
"131",10.3747876058376,1,1,1,1,8.45763848183588,8.45763848183588,9.44936076139022,1,1,1,1,1,1,1
"132",1,1,4.5577716174235,1.42369830943733,1,1,1,1,1,1,1,1,1,1,1
"133",52.2457387227247,1,7.47069061833734,2.07956760237977,11.4362659539077,1.21961304505806,9.44936076139022,5.51980891299069,1,1,1,1,1,1,1
"134",1,1,7.93474306053107,10.4444419470495,9.44936076139022,10.4444419470495,10.4444419470495,10.4444419470495,1.28182409805078,1,1,1,1,1,1
"135",1,1,1,1,2.69630190694978,9.44936076139022,8.45763848183588,6.49049714759709,1,1,1,1,1,1,1
"136",1,1,1,4.5577716174235,3.61524564631341,4.5577716174235,3.61524564631341,1,1,1,1,1,1,1,1
"137",10.3747876058376,13.5344294372907,1.92028928067328,1,1,1,1,1,1,1,1,1,1,1,1
"138",79.5519328053381,15.6234726095032,2.24493471067526,1,1,1,1,1,1,1,1,1,1,1,1
"139",1,1,1,1,1,1,1,1,1,1,1,1,1,1,1
"140",79.5519328053381,1,1,1.37233098235394,1.4629141800379,1,1,1,1,1,1,1,1,1,1
"141",1,1,9.24985978653665,11.4362659539077,3.13379784556109,1,1,1,1,1,1,1,1,1,1
"142",79.5519328053381,1,1,1,2.69630190694978,2.69630190694978,1,1,1,3.61524564631341,1,1,1,1,1
"143",45.5566497088485,1,1,1,1,1,1,1,4.5577716174235,1,1,1,1,1,1
"144",10.3747876058376,1,13.4301351643093,1.87844630115509,1.40722873067306,1.76380436381513,1.76380436381513,1.79177114753445,1,1,1,1,1,1,1
"145",1,22.6755466189265,3.79661974181155,3.49682137256003,1.59228424960542,1.4629141800379,1,1,1,1,1,1,1,1,1
"146",45.5566497088485,1,1,2.69630190694978,3.61524564631341,1,10.4444419470495,1,1,1,1,1,1,1,1
"147",1,1,1,1,1,1,1.66396671404696,1,1,1,1,1,1,1,1
"148",1,1,1,1,1.24046667424329,1,1,1,1,1,1,1,1,1,1
"149",52.2457387227247,1,1,1,2.69630190694978,3.61524564631341,4.36576850326337,1,1,1,1,1,1,1,1
"150",1,1,1,1,2.69630190694978,2.69630190694978,1.80848591671123,1,1,1,5.51980891299069,52.392397715266,1,1,1
"151",1,1,1,1,1,1,1.08306190382855,1.41073456640162,1,1,1,1,1,1,1
"152",1,1,1,1,1,1,1,1,1,1,1,1,1,1,1
"153",1,1,7.47069061833734,1.4629141800379,16.4244530184947,14.4315375120839,1.64225089468946,12.4354855904466,12.4354855904466,13.4301351643093,12.2443196981137,1,1,1,1
"154",79.5519328053381,1,1.05511622142688,1.03470516187834,1,1,1.80848591671123,1.80848591671123,1.80848591671123,1.80848591671123,1,1,1,1,1
"155",1,1,1,1,1,1.80848591671123,1,10.4444419470495,1,1,1,1,1,1,1
"156",45.5566497088485,1,1,1,1.12991944375938,1,1,1,1,1,1,1,1,1,1
"157",1,1,1,1,1,1,1,1,1,1,1,1,1,1,1
"158",79.5519328053381,1,1,1,3.61524564631341,1.77210152677037,1,1,1,1,1,1,1,1,1
"159",1,1,23.4160549657107,12.9386761200902,7.22772327895531,2.59299803623391,12.0110831357232,2.04325643436213,1,1,1,1,1,1,1
"160",1,1,1.11589396545394,1.1377088489335,1.83618896031549,2.02302336805241,1.4734483069346,1,1,1,1,1,1,1,1
"161",10.3747876058376,1,1,1,1,4.5577716174235,1,1,1,1,1,1,1,1,1
"162",45.5566497088485,4.42896526590789,1,1,1,1,1.06500800437579,1,1,1,1,1,1,1,1
"163",52.2457387227247,1,1,1,2.69630190694978,1.77418132833644,1,1,1,1,1,1,1,1,1
"164",1,1,1,1,1,1,1,1,1,1,1,1,1,1,1
"165",45.5566497088485,1,14.4315375120839,14.2910903682575,3.72854130976506,24.4148233321298,21.419056396292,12.7707470946486,5.51980891299069,1.21961304505806,1,1,1,1,1
"166",52.2457387227247,1,1,1.00663888989057,1.01839951620618,3.61524564631341,5.67332921335473,4.16824144696559,1,1,1,1,1,1,1
"167",76.9475540786182,1,1,1,1,1,1,1,1,1,1,1,1,1,1
"168",1,1,14.4315375120839,1.92028928067328,1.29875979901637,1.24046667424329,7.47069061833734,2.26753050287487,1,1,1,1,1,1,1
"169",1,1,1,1,1,1,2.77881851644288,1,1,1,1,1,1,1,1
"170",36.5525558343009,1,1,1,1,1,1,1,1,1,1,1,1,1,1
"171",45.5566497088485,1,1,1,1,1,1,1,1,1,1,1,1,1,1
"172",52.2457387227247,1,1,11.4362659539077,9.44936076139022,6.49049714759709,11.4362659539077,10.4444419470495,1.39784429914051,1,1,1,1,1,1
"173",1,1,1,1,1,1.08893867383629,1.4629141800379,1,1,1,1,1,1,1,1
"174",45.5566497088485,1,1,1,1.4629141800379,1.77210152677037,1,1,1,1,1,1,1,1,1
"175",1,1,3.61524564631341,1.22993101695452,9.44936076139022,1.75057929951399,1,1,1,1,1,1,1,1,1
"176",1,1,4.3671334435611,1.70735271011667,1,1,1,1,1,1,1,1,1,1,1
"177",52.2457387227247,1,1,4.5577716174235,7.47069061833734,3.61524564631341,5.51980891299069,3.61524564631341,1,1,1,1,1,1,1
"178",1,1,13.4301351643093,1.70735271011667,1.88774420455085,1.64225089468946,1.44979964648167,1,1,1,1,1,1,1,1
"179",10.3747876058376,1,10.4444419470495,1.81491417369127,1.16269754450206,1,1,1,1,1,1,1,1,1,1
"180",1,1,1,4.5577716174235,3.61524564631341,4.5577716174235,2.69630190694978,1,1,1,1,1,1,1,1
"181",1,1,1,15.427771517998,16.4244530184947,16.4244530184947,16.4244530184947,11.4362659539077,1,1,1,1,1,1,1
"182",1,1,1,1,1,1.80848591671123,1.4629141800379,1,1,1,1,1,1,1,1
"183",45.5566497088485,1,21.419056396292,21.419056396292,6.06551554972777,14.2910903682575,1.64225089468946,1.16269754450206,1,1,1,1,1,1,1
"184",1,1,9.44936076139022,1.68567262644676,1,1,1,1,1,1,1,1,1,1,1
"185",1,1,1,29.410997941167,31.4104087014112,5.53320606261623,5.85525921903881,9.83975573673588,3.49682137256003,2.31928609441733,1,1,1,1,1
"186",1,1,1,1,1,1,1,1,1,1,1,1,1,1,1
"187",1,1,26.4128514580538,2.4218766624496,2.7320746929673,1.79354931904295,1.4629141800379,1.4629141800379,1.05878803845648,1,1,1,1,1,1
"188",1,1,1,4.5577716174235,1,13.4301351643093,1,1,1,1,1,1,1,1,1
"189",55.1622676752603,1,1,1,1,1,1,1,1,1,1,1,1,1,1
"190",79.5519328053381,1,4.5577716174235,1.49728490883807,1.27684762943135,1.92283579177805,1.85736786069489,1,1,1,1,1,1,1,1
"191",1,1,8.45763848183588,1.70735271011667,1,3.61524564631341,1.70735271011667,1,1,1,1,1,1,1,1
"192",79.5519328053381,1,9.44936076139022,2.02517488687073,1.94978999773769,2.12265124378379,18.425088792663,23.4160549657107,5.09487884438387,1,1,1,1,1,1
"193",1,1,1,1,3.61524564631341,1.80848591671123,1,2.69630190694978,1,1,1,1,1,1,1
"194",1,1,1,1.01040187058636,1.03504215861957,1.27552165338163,1,1,1,1,1,1,1,1,1
"195",1,1,4.5577716174235,1.32269819036508,1,1,1,1,1,1,1,1,1,1,1
"196",45.5566497088485,1,21.419056396292,2.64449269349761,3.64192195196026,1.43672386527338,1,1,1,1,1,1,1,1,1
"197",79.5519328053381,1,3.61524564631341,4.5577716174235,4.5577716174235,3.13379784556109,2.45529231770651,1.4629141800379,1,1,1,1,1,1,1
"198",1,1,1.08586304889616,1.05197396759664,8.45763848183588,7.47069061833734,10.4444419470495,1,1,1,1,1,1,1,1
"199",1,1,1,1,1,1.05878803845648,1,1,1,1,1,1,1,1,1
"200",45.5566497088485,13.5580721487423,2.06339040831889,1.14577004490432,1.07745203239714,1,1,1,1,1,1,1,1,1,1
"201",52.2457387227247,1,1,1,1,1,1,1,1,1,1,1,1,1,1
"202",1,1,5.79607172382706,2.5566550391557,11.4362659539077,1.24046667424329,20.4208483394876,1,1,1,1,1,1,1,1
"203",1,1,16.4244530184947,1.96170326237793,1.89942087850472,1.92028928067328,26.4128514580538,26.4128514580538,5.04533397527992,1,1,1,1,1,1
"204",52.2457387227247,1,1,1,1,1,3.61524564631341,4.5577716174235,1,1,1,1,1,1,1
"205",79.5519328053381,1,1,1,1.11516213977343,2.69630190694978,4.01263557874777,1,1,1,1,1,1,1,1
"206",1,1,1,1,1,1,1,1,1,1,1,1,1,1,1
"207",45.5566497088485,1,1,1,1,1.80848591671123,1.68567262644676,1,1,1,1,1,1,1,1
"208",1,1,9.44936076139022,9.44936076139022,11.4362659539077,9.44936076139022,6.49049714759709,8.45763848183588,1,1,1,1,1,1,1
"209",1,1,1,2.69630190694978,3.61524564631341,3.61524564631341,1,1,1,1,1,1,1,1,1
"210",1,14.7026692122653,2.14300494247886,1.4629141800379,11.808874341285,14.4315375120839,3.49682137256003,1,1,1,1,1,1,1,1
"211",1,1,3.61524564631341,1.34725164715477,1.22993101695452,5.51980891299069,6.49049714759709,6.49049714759709,1,1,1,1,1,1,1
"212",1,1,1,1,1,1.19966266350302,1,1,1,1,1,1,1,1,1
"213",79.5519328053381,1,2.94867646362175,5.51980891299069,4.43268015868059,3.65959756482898,7.47069061833734,3.61524564631341,4.5577716174235,13.4301351643093,1,1,1,1,1
"214",79.5519328053381,1,18.425088792663,7.67461219335398,5.10604608580256,3.78989464701189,1.4629141800379,1.10819560424726,1,1,1,1,1,1,1
"215",1,1,1,8.45763848183588,9.00508485062697,11.4362659539077,6.49049714759709,11.4362659539077,2.09281222127662,2.12323194604117,17.4215018052907,1.75057929951399,1,1,1
"216",10.3747876058376,1,11.4362659539077,2.00268832769976,1,1,1.34725164715477,1,1,1,1,1,1,1,1
"217",1,1,2.69630190694978,1.2870480628014,1,1,1,1,1,1,1,1,1,1,1
"218",1,1,1,1,1,1,1,1,1,1,1,1,1,1,1
"219",52.2457387227247,1,4.5577716174235,1.43672386527338,1,1,1,1,1,1,1,1,1,1,1
"220",1,1,12.4354855904466,13.4301351643093,13.4301351643093,11.4362659539077,1,1,1,1,1,1,1,1,1
"221",10.3747876058376,1,2.69630190694978,1.17155699201744,1.4629141800379,1.66396671404696,1,1,1,1,1,1,1,1,1
"222",52.2457387227247,1,8.65553217157613,1.62054260238083,1.44979964648167,1.37233098235394,1.57722574564176,1.89942087850472,1,1,1,1,1,1,1
"223",1,1,1,1,1,1,1.44979964648167,1,1,1,1,1,1,1,1
"224",1,1,1,1,1,11.4362659539077,8.45763848183588,1.39784429914051,1.4629141800379,37.4046118247273,1,1,1,1,1
"225",1,1,1,7.47069061833734,5.54830370697889,1,1,1,1,1,1,1,1,1,1
"226",1,1,1,1,1,1,1,1,1,1,1,1,1,1,1
"227",10.3747876058376,3.74767627661312,1.4629141800379,1,1,6.49049714759709,2.32371874725687,1,1,1,1,1,1,1,1
"228",79.5519328053381,1,13.4301351643093,1.83618896031549,1.81491417369127,16.4244530184947,18.425088792663,17.4215018052907,1,1,1,1,1,1,1
"229",10.3747876058376,1,22.4174625637233,2.32371874725687,1.28694018568938,1,1,1,1,1,1,1,1,1,1
"230",52.2457387227247,1,8.49832295767283,3.8504706380258,12.4354855904466,4.64430977747885,3.74085777304876,1.27552165338163,1,1,1,1,1,1,1
"231",1,17.7303539895583,2.28437450001415,1.57722574564176,3.59742088646526,5.66875782340353,3.77475515330845,9.46566380657556,1.34837740313774,1,1,1,1,1,1
"232",1,1,9.44936076139022,1.66396671404696,1,1,1,1,1,1,1,1,1,1,1
"233",79.5519328053381,1,1,5.51980891299069,4.5577716174235,4.5577716174235,3.61524564631341,1,1,1,1,1,1,1,1
"234",1,1,1,1,1,1,1,1,1,1,1,1,1,1,1
"235",1,1,1,1,1,4.5577716174235,3.61524564631341,2.69630190694978,7.47069061833734,1,1,1,1,1,1
"236",1,1,1,1,1,1.01807675967624,1,1,1,1,1,1,1,1,1
"237",1,1,1,1,1,1,1,1,1,1,1,1,1,1,1
"238",1,1,1,1,1,1,1,1,1,1,1,1,1,1,1
"239",1,3.17587532462306,28.4114790429681,2.50039712653199,3.10447483614645,1.4629141800379,1.15410063805561,1,1,1,1,1,1,1,1
"240",1,1,1,1,1,1.65943465111094,1,1,1,1,1,1,1,1,1
"241",1,1,1,1,1,1,1,1,1,1,1,1,1,1,1
"242",1,1,1,1,1,1,4.5577716174235,6.49049714759709,1,1,1,1,1,1,1
"243",1,1,1,1.80848591671123,1.22701925878655,10.4444419470495,6.49049714759709,5.51980891299069,10.4444419470495,1,1,1,1,1,1
"244",55.1622676752603,1,1,1,1,1,1,1,1,1,1,1,1,1,1
"245",45.5566497088485,1,1,1.4629141800379,1.4629141800379,1.71076978260419,1,1,1,1,1,1,1,1,1
"246",1,1,1,1,4.5577716174235,4.5577716174235,2.31601553750525,1,1,1,1,1,1,1,1
"247",1,15.427771517998,1.81491417369127,1.20952103208818,1.24046667424329,1.19966266350302,3.61524564631341,1,1,6.49049714759709,1,1,1,1,1
"248",1,1,1,1,1,1,1,1,1,1,1,1,1,1,1
"249",1,3.74767627661312,1.4629141800379,1,1,1,1,1,1,1,1,1,1,1,1
"250",45.5566497088485,1,1,1,1,1,1,1.83618896031549,1,1,1,1,1,1,1
"251",10.3747876058376,4.28966005301023,1.89942087850472,1.07745203239714,3.61524564631341,2.26212331839699,7.47069061833734,3.61524564631341,3.61524564631341,8.45763848183588,1,1,1,1,1
"252",45.5566497088485,1,1,1.27552165338163,1.38503920642279,1.42369830943733,1.42369830943733,1.05760571749482,1,1,1,1,1,1,1
"253",55.1622676752603,1,1,1,1,1,1,1,1,1,1,1,1,1,1
"254",45.5566497088485,1,4.5577716174235,1.41073456640162,1,1,1,1,1,1,1,1,1,1,1
"255",1,1,6.59113197695428,1.70735271011667,1,1,1,1,1,1,1,1,1,1,1
"256",1,1,1,1,3.61524564631341,3.61524564631341,1.80848591671123,1,4.5577716174235,1,1,1,1,1,1
"257",1,28.1448832749297,2.4218766624496,2.26466887781576,2.36300205919822,1,1,1,1,1,1,1,1,1,1
"258",1,1,7.66792737085732,8.45763848183588,8.45763848183588,6.95428374604333,1.22993101695452,1,1,1,1,1,1,1,1
"259",52.2457387227247,1,10.4444419470495,1.93776339799199,14.4315375120839,1.39784429914051,8.45763848183588,35.4038959485813,1,1,1,1,1,1,1
"260",1,1,1,1,1,1,1,1,1,1,1,1,1,1,1
"261",1,1,1,1,1,1,1,1,1,1,1,1,1,1,1
"262",1,1,5.21560912886371,10.4444419470495,12.4354855904466,6.49049714759709,1.40644200340545,1,1,1,1,1,1,1,1
"263",1,1,1,1,1,1,1.42881332561968,1,1,1,1,1,1,1,1
"264",1,1,1,1,1,1,1,1,1,1,1,1,1,1,1
"265",1,1,2.40294790206366,1.29875979901637,1,1,1,1,1,1,1,1,1,1,1
"266",55.1622676752603,1,1,1,1,1,1,1,1,1,1,1,1,1,1
"267",1,1.94105020316088,21.419056396292,2.99752796803546,1,1,1,1,1.41073456640162,1,1,1,1,1,1
"268",52.2457387227247,1,1,5.51980891299069,1.38503920642279,1.24358610484313,1,1,1,1,1,1,1,1,1
"269",10.3747876058376,1,13.4301351643093,9.69719516439557,3.04398026432742,1.22584579492651,2.69630190694978,4.5577716174235,5.51980891299069,5.51980891299069,1,1,1,1,1
"270",1,24.9875326611267,2.26466887781576,1.66396671404696,1.68567262644676,1.66396671404696,2.17383063271013,1,1,1,1,1,1,1,1
"271",45.5566497088485,3.18080355522935,1,1,1,1.80848591671123,1.43672386527338,1,1,1,1,1,1,1,1
"272",1,1,5.84688806625635,1.4629141800379,1.66396671404696,1.81491417369127,1.7289925635092,1.81491417369127,1,1,1,1,1,1,1
"273",45.5566497088485,1,4.5577716174235,1.32269819036508,1,1.27015528590492,5.51980891299069,1,4.73519119264087,1,1,1,1,1,1
"274",1,1,10.4444419470495,1.64225089468946,1.77210152677037,2.08342856133813,1.18067452516403,1,1,1,1,1,1,1,1
"275",1,1,12.4354855904466,14.4315375120839,13.4301351643093,15.427771517998,9.44936076139022,7.33355436954638,1.24046667424329,1,1,1,1,1,1
"276",52.2457387227247,1,1,8.45763848183588,3.61524564631341,1.80848591671123,1.80848591671123,38.4050925241567,1,1,1,1,1,1,1
"277",79.5519328053381,1,1,1,1,7.47069061833734,7.47069061833734,4.43268015868059,1,1,1,1,1,1,1
"278",1,1,1,1,1,1.4629141800379,1,1,1,1,1,1,1,1,1
"279",1,13.5344294372907,22.4174625637233,2.80839204422055,1.79095069699807,12.4354855904466,13.4301351643093,12.4354855904466,5.51980891299069,1,1,1,1,1,1
"280",52.2457387227247,1,1,1,1.35973127540826,6.49049714759709,7.47069061833734,7.47069061833734,8.45763848183588,2.69630190694978,7.47069061833734,5.51980891299069,1,1,1
"281",1,1,1,2.69630190694978,1,13.4301351643093,13.4301351643093,14.4315375120839,13.4301351643093,20.4208483394876,1,1,1,1,1
"282",79.5519328053381,1,7.66792737085732,2.20692119371708,1.40951474218108,1,1,1,1,1,1,1,1,1,1
"283",10.3747876058376,1,7.47069061833734,8.45763848183588,4.83426064462193,1,1,1,1,1,1,1,1,1,1
"284",1,1,1,1,1,1,1.07660163487936,1.05197396759664,1,1,1,1,1,1,1
"285",1,1,1,7.47069061833734,6.32208843833024,12.4354855904466,8.45763848183588,8.45763848183588,8.45763848183588,8.45763848183588,13.4301351643093,1,1,1,1
"286",79.5519328053381,4.01512999803342,1,1,2.69630190694978,3.61524564631341,3.58376184785445,1,1,1,1,1,1,1,1
"287",45.5566497088485,1,1,1,1.34725164715477,1.59886076081892,1.7289925635092,1,1,1,1,1,1,1,1
"288",45.5566497088485,1,14.4315375120839,1.79354931904295,1.94105020316088,2.18551062679438,1,1,1,1,1,1,1,1,1
"289",79.5519328053381,1,2.69630190694978,8.45763848183588,2.79792242124379,2.32173468356799,1.31064667890689,1,1,1,1,1,1,1,1
"290",1,1,1,6.49049714759709,6.49049714759709,5.51980891299069,7.47069061833734,2.69630190694978,3.61524564631341,1.41073456640162,1,1,1,1,1
"291",1,1,1,1,1,1,7.47069061833734,1,1,1,1,1,1,1,1
"292",1,1,1,1,1,1,1,1,1,1,1,1,1,1,1
"293",1,1,1,1,1,1,1,1,1,1,1,1,1,1,1
"294",52.2457387227247,1,1,1,1.80848591671123,1,3.61524564631341,3.61524564631341,2.69630190694978,1,1,1,1,1,1
"295",79.5519328053381,1,1,1,3.61524564631341,5.51980891299069,5.51980891299069,1,1,1,1,1,1,1,1
"296",1,1,30.4106435684764,38.4050925241567,4.99616745773275,4.5577716174235,1.12276008786175,4.5577716174235,1.83025524132115,1.15717507980938,1,1,1,1,1
"297",45.5566497088485,1,1,2.69630190694978,2.69630190694978,2.69630190694978,1,1,1,1,50.2148932784901,1,1,1,1
"298",1,1,1,1,1,3.61524564631341,1,1,1,1,1,1,1,1,1
"299",1,1,1,3.61524564631341,2.69630190694978,2.69630190694978,1,10.4444419470495,1,1,1,1,1,1,1
"300",1,1,1,1,1,1,1,1,1,1,1,1,1,1,1
"301",79.5519328053381,1,1,10.4444419470495,10.4444419470495,9.44936076139022,17.4215018052907,1,1,1,1,1,1,1,1
"302",52.2457387227247,1,14.994698504786,1.92028928067328,1.5600212620542,1.5600212620542,1.4629141800379,1,1,1,1,1,1,1,1
"303",79.5519328053381,1,1,1,1,1,1,1,1,1,1,1,1,1,1
"304",52.2457387227247,1,1,1,1,1,1,1,1,1,1,1,1,1,1
"305",1,1,1,7.47069061833734,6.71648668619631,2.70503009199203,6.57629348245971,2.06339040831889,1,1,1,1,1,1,1
"306",45.5566497088485,1,1,1,1,1,1,1.90093107332105,1,1,1,1,1,1,1
"307",45.5566497088485,1,17.4215018052907,18.425088792663,3.79661974181155,8.64644362003916,6.59763923610736,2.03718363065507,1,1,1,1,1,1,1
"308",45.5566497088485,1,1,1,1,1,1,2.83286144035256,1,1,1,1,1,1,1
"309",36.5525558343009,1,1,1,1,1,1.4629141800379,1,1,1,1,1,1,1,1
"310",52.2457387227247,1,14.4315375120839,1.92028928067328,2.08342856133813,1.98224890691099,3.65610873194182,1,1,1,1,1,1,1,1
"311",1,1,8.48952003046829,11.4362659539077,3.19660318607763,1,1,1,1,1,1,1,1,1,1
"312",55.1622676752603,1,1,1,1,1,1,1,1,1,1,1,1,1,1
"313",1,1,1,2.69630190694978,2.69630190694978,2.17872337438736,1,1,1,1,1,1,1,1,1
"314",36.5525558343009,1,1,1,1,1.08893867383629,1,1,1,1,1,1,1,1,1
"315",79.5519328053381,1,1,1,1.80848591671123,2.69630190694978,1.41073456640162,1,1,1,1,1,1,1,1
"316",1,1,1,5.51980891299069,31.4104087014112,31.4104087014112,10.5978477294257,6.49049714759709,1,1,1,1,1,1,1
"317",1,24.9875326611267,2.12323194604117,2.06339040831889,2.10337447185308,1.37233098235394,1.34725164715477,1.38503920642279,1.24046667424329,1,1,1,1,1,1
"318",79.5519328053381,1,11.4362659539077,1.64225089468946,1.68567262644676,11.4362659539077,1.37233098235394,10.3165881257451,1,1,1,1,1,1,1
"319",1,1,1,1,1,1,1,1,1,1,1,1,1,1,1
"320",1,1,2.69630190694978,1.1377088489335,1.02795413738756,1,1,1,1,1,1,1,1,1,1
"321",1,1,1,1,1,1,1,1,1,1,1,1,1,1,1
"322",52.2457387227247,1,1,1,1.05760571749482,1,1,1,1,1,1,1,1,1,1
"323",1,1,1,1,1,4.5577716174235,1,1,1,1,51.3908567723476,1,1,1,1
"324",1,1,1,2.69630190694978,1,2.69630190694978,8.45763848183588,1,1,1,1,1,1,1,1
"325",1,1,1,1,1,1,1,1,1,1,1,1,1,1,1
"326",55.1622676752603,1,6.74009289431635,12.4354855904466,13.7350972169304,15.427771517998,2.29498756449513,1,1,1,1,1,1,1,1
"327",45.5566497088485,1,13.4301351643093,1.83618896031549,1.98224890691099,1.85736786069489,1.83618896031549,14.0989238587754,1,1,1,1,1,1,1
"328",1,1,4.30991816074158,6.49049714759709,1.95474953673504,1.25861018356903,1,1,1,1,1,1,1,1,1
"329",79.5519328053381,1,1,1.80848591671123,1.80848591671123,1,8.46985744658573,9.44936076139022,1.42369830943733,1.41073456640162,7.47069061833734,1.80848591671123,1,1,1
"330",1,1,21.419056396292,21.419056396292,17.4215018052907,13.2385304000002,2.12323194604117,1,1,1,1,1,1,1,1
"331",1,1,9.57295847705982,1.66396671404696,1.57582513656328,1.31086108414765,1.31064667890689,1,1,1,1,1,1,1,1
"332",10.3747876058376,19.5656516968628,2.14300494247886,1,1,1,1,1,1,1,1,1,1,1,1
"333",1,1,3.25176607765883,1.4629141800379,1,1,1,1,1,1,1,1,1,1,1
"334",36.5525558343009,1,2.69630190694978,4.5577716174235,3.61524564631341,2.69630190694978,6.49049714759709,1.80848591671123,1,1,1,1,1,1,1
"335",1,1,1,1,1,1,1,1,1,1,1,1,1,1,1
"336",1,1,1,1,1,1,1,1,1,1,1,1,1,1,1
"337",10.3747876058376,2.57895402877565,2.34336603587192,1,1,1,1,1,1,1,1,1,1,1,1
"338",1,1,10.4444419470495,10.4444419470495,3.11422875102513,1,1,1,1,1,1,1,1,1,1
"339",55.1622676752603,1,1,1,1,1,1,1,1,1,1,1,1,1,1
"340",1,1,4.64007203689664,1.4629141800379,1.89942087850472,1.89942087850472,2.93317617769004,1,1,1,1,1,1,1,1
"341",1,1,1,1,1.80848591671123,5.51980891299069,1,1,1,1,1,1,1,1,1
"342",36.5525558343009,1,4.99535298301469,10.4444419470495,12.4354855904466,1.80848591671123,1,1,1,1,1,1,1,1,1
"343",1,1,1,2.69630190694978,1,4.5577716174235,2.69630190694978,1,1,1,1,1,1,1,1
"344",1,1,9.14296478459833,1.79354931904295,1.42369830943733,1.41073456640162,1.35973127540826,1,1,1,1,1,1,1,1
"345",1,14.7026692122653,2.24493471067526,1,6.49049714759709,1.70735271011667,1.50224014547965,1.32269819036508,1,1,1,1,1,1,1
"346",1,1,1,1,1.0721056673163,1,1,1,1,1,1,1,1,1,1
"347",1,1,1,1,1,3.61524564631341,2.69630190694978,11.4362659539077,1,1,1,1,1,1,1
"348",1,1,8.61900051717661,2.10450466906843,13.4301351643093,13.4301351643093,14.4315375120839,1,1,1,1,1,1,1,1
"349",76.9475540786182,1,1,1,1,1,1,1,1,1,1,1,1,1,1
"350",1,1,3.61524564631341,1.2870480628014,1,1,1,1,1,1,1,1,1,1,1
"351",79.5519328053381,1,1.86978650633287,4.5577716174235,1,1.80848591671123,2.69630190694978,1,1,1,1,1,1,1,1
"352",1,1,1,1,1,1,1,1,1,1,1,1,1,1,1
"353",52.2457387227247,1,3.61524564631341,1.32269819036508,1,1,1,1,1,1,1,1,1,1,1
"354",52.2457387227247,1,1,12.4354855904466,1.94105020316088,1.70735271011667,1.70735271011667,1.19966266350302,1,1,1,1,1,1,1
"355",1,3.8875267483711,6.77980031238984,12.4354855904466,7.47069061833734,19.4228528897712,1,1,1,1,1,1,1,1,1
"356",1,1,1,1.80848591671123,3.61524564631341,5.51980891299069,5.51980891299069,6.49049714759709,1,1,1,1,1,1,1
"357",1,1,12.4354855904466,1.75057929951399,1.32269819036508,1.74760991499413,1.89942087850472,1,1,1,1,1,1,1,1
"358",79.5519328053381,1,1,4.43836183803134,4.5577716174235,4.5577716174235,5.51980891299069,1,1,1,1,1,1,1,1
"359",55.1622676752603,1,1,1,1.16269754450206,1.44979964648167,1,1,1,1,1,1,1,1,1
"360",1,1,1,1,1.06879789342888,1,1,1,1,1,1,1,1,1,1
"361",1,1,1,1,1,2.69630190694978,1,2.69630190694978,1,1,1,1,1,1,1
"362",1,24.9875326611267,2.16561121297873,1.89942087850472,1.89942087850472,1.89942087850472,17.4215018052907,18.425088792663,6.1319590594013,1,1,1,1,1,1
"363",1,1,1,1,1,1,1,1,1,1,1,1,1,1,1
"364",45.5566497088485,1,15.427771517998,20.4208483394876,17.4215018052907,10.737136585823,1,1,1,1,1,1,1,1,1
"365",1,1,1,1,1,1,1,1,1,1,1,1,1,1,1
"366",1,1,1,1,1,1,1.80848591671123,1,1,3.61524564631341,1.29875979901637,3.61524564631341,9.44936076139022,1,1
"367",1,1,1.27020667794861,3.61524564631341,3.61524564631341,2.69630190694978,1,1,1,6.49049714759709,1,1,1,1,1
"368",1,1,1,1,1,1,1,1,1,1,1,1,1,1,1
"369",1,1,1,1,1,1,1,1,1,1,1,1,1,1,1
"370",1,1,13.869632050785,14.4315375120839,3.46250319802626,1,1,1,1,1,1,1,1,1,1
"371",79.5519328053381,1,1,1,1,1.01311027219313,1.2870480628014,1.77210152677037,2.02302336805241,1,1,1,1,1,1
"372",1,1,1,1,3.61524564631341,3.61524564631341,3.61524564631341,4.5577716174235,3.61524564631341,1,1,1,1,1,1
"373",1,1,1,1,1,1,1,1,1,1,1,1,1,1,1
"374",55.1622676752603,1,7.5445789043973,9.33152978800032,12.4354855904466,7.50360480530281,1.19004501359785,1,1,1,1,1,1,1,1
"375",1,1,1.01807675967624,9.44936076139022,9.44936076139022,9.44936076139022,11.4362659539077,6.49049714759709,1,1,1,1,1,1,1
"376",1,1,3.02887166759249,1.43672386527338,1,1,1,1,1,1,1,1,1,1,1
"377",79.5519328053381,1,20.4208483394876,2.17702669255904,3.13190551809962,1.59228424960542,1.53418461974315,1.4629141800379,1,1,1,1,1,1,1
"378",10.3747876058376,1,1,3.61524564631341,3.61524564631341,1.80848591671123,1.80848591671123,1.80848591671123,5.51980891299069,1,1,1,1,1,1
"379",1,1,1,16.4244530184947,16.3924658657084,6.49049714759709,1,1,1,1,1,1,1,1,1
"380",52.2457387227247,1,17.7209553072682,1.96170326237793,2.05506864125833,13.4518674714271,2.97749534242202,1,1,1,1,1,1,1,1
"381",1,1,1,17.4215018052907,16.4244530184947,19.4228528897712,4.5577716174235,3.61524564631341,1,1,1,1,1,1,1
"382",1,1,1,1,1,1,1,1,1,1,1,1,1,1,1
"383",52.2457387227247,1,9.44936076139022,1.75057929951399,1,1,1,1,1,1,1,1,1,1,1
"384",1,1,1,4.36576850326337,1.4629141800379,1.17155699201744,1.05760571749482,1,1,1,1,1,1,1,1
"385",1,1,1,1.80848591671123,1.80848591671123,1,8.45763848183588,1,1,1,1,1,1,1,1
"386",79.5519328053381,1,1,6.49049714759709,9.44936076139022,12.4354855904466,10.4444419470495,9.44936076139022,4.66058966119239,1,1,1,1,1,1
"387",1,1,1,4.5577716174235,1.4629141800379,1,1,1,1,1,1,1,1,1,1
"388",45.5566497088485,4.42896526590789,1,1,1,1.26419038750951,1.37233098235394,1,1,1,1,1,1,1,1
"389",1,1,1,1,1.20952103208818,3.61524564631341,2.69630190694978,1,1,1,1,1,1,1,1
"390",10.3747876058376,1,19.4228528897712,2.16561121297873,1.60088000118876,2.05935443229468,1.79354931904295,1,1,1,1,1,1,1,1
"391",79.5519328053381,1,2.69630190694978,12.4354855904466,12.4354855904466,14.4315375120839,18.425088792663,12.6973801980987,1,1,1,1,1,1,1
"392",1,1,1,1,1,1,15.427771517998,1,1,1,1,1,1,1,1
"393",1,1,1,1,1,1,7.47069061833734,1,1,1,1,1,1,1,1
"394",52.2457387227247,4.64430977747885,1.77210152677037,1,1,1,1,1,1,1,1,1,1,1,1
"395",1,1,12.4354855904466,1.96170326237793,1.24556539886852,1.70900913382818,1.44782197819917,1,1,1,1,1,1,1,1
"396",1,1,1,6.49049714759709,1,9.44936076139022,1.80848591671123,1,1,1,1,1,1,1,1
"397",1,1,1,1,1,1,1,1,1,1,1,1,1,1,1
"398",1,1,1,2.69630190694978,3.61524564631341,1,2.69630190694978,1.80848591671123,1,1,1,1,1,1,1
"399",52.2457387227247,1,1,1,1,1.19004501359785,1,1,1,1,1,1,1,1,1
"400",10.3747876058376,1,6.01574345852926,18.425088792663,1,38.4050925241567,7.98827227018927,1,1,1,1,1,1,1,1
"401",1,1,1,1,4.5577716174235,1,1.80848591671123,26.8747682396182,1,1,1,1,1,1,1
"402",1,1,1,10.4444419470495,2.29946872263776,1.66396671404696,1.92028928067328,1,1,1,1,1,1,1,1
"403",1,1,5.18823220211465,1.7289925635092,1.21961304505806,1.11516213977343,1,1,1,1,1,1,1,1,1
"404",1,1,1,33.403548652878,7.04830945551407,4.4985013875041,7.47069061833734,3.90460045023465,1,1,1,1,1,1,1
"405",1,1,1,1,1.80848591671123,6.49049714759709,1.80848591671123,1,1,1,1,1,1,1,1
"406",1,9.50261948652414,3.7370265375876,3.49682137256003,4.77766375141747,1.70735271011667,1.59886076081892,1.4629141800379,1,1,1,1,1,1,1
"407",1,3.74767627661312,1.4629141800379,2.02302336805241,2.04325643436213,1,1,1,1,1,1,1,1,1,1
"408",1,1,1,1,1.56269974937368,1,1,1,1,1,1,1,1,1,1
"409",52.2457387227247,1,1,1,1.28694018568938,1.76864836944388,1.7289925635092,1.60474283356059,1,1,1,1,1,1,1
"410",1,1,1,1,5.51980891299069,6.49049714759709,1.70735271011667,1.38503920642279,44.3960600940014,8.49386186381036,1,1,1,1,1
"411",79.5519328053381,1,1,1.1377088489335,4.5577716174235,6.49049714759709,1,1,1,1,1,1,1,1,1
"412",45.5566497088485,1,1,1,6.49049714759709,5.51980891299069,4.5577716174235,3.61524564631341,2.69630190694978,9.44936076139022,1,1,1,1,1
"413",1,1,1,2.69630190694978,1.12991944375938,1.01807675967624,1.33326491367385,1.70735271011667,1,1,1,1,1,1,1
"414",1,1,1,1,1,1,1,1,1,1,1,1,1,1,1
"415",1,1,1,6.49049714759709,6.49049714759709,6.49049714759709,6.49049714759709,1,1,1,1,1,1,1,1
"416",45.5566497088485,1,14.4315375120839,1.75057929951399,2.04067106201928,2.45260479107433,15.427771517998,14.4315375120839,14.4315375120839,13.4301351643093,36.4042109739177,1,1,1,1
"417",1,1,5.42940132383317,1.42369830943733,1.39784429914051,1.4629141800379,1,1,1,1,1,1,1,1,1
"418",1,1,1,1,1,1.66153629284611,1,1,1,1,1,1,1,1,1
"419",52.2457387227247,1,1,1,1,1,1,1,1,1,1,1,1,1,1
"420",1,1,13.4301351643093,2.69697780754989,2.49807200757212,1.29875979901637,1.03504215861957,1,1,1,1,1,1,1,1
"421",79.5519328053381,1.87844630115509,2.10337447185308,1,1,1,1,1,1,1,1,1,1,1,1
"422",1,1,1.05511622142688,13.4301351643093,3.49344921081784,5.51980891299069,1,1,1,1,1,1,1,1,1
"423",1,1,15.427771517998,1.77210152677037,1.94185601825639,1.26419038750951,1,1,1,1,1,1,1,1,1
"424",45.5566497088485,1,12.4354855904466,13.4301351643093,17.4215018052907,5.51980891299069,1,1,1,1,1,1,1,1,1
"425",1,14.864301580144,2.50039712653199,1,1,1,1,1,1,1,1,1,1,1,1
"426",1,10.1912875394091,2.22516705556128,1,1,1,1,1,1,1,1,1,1,1,1
"427",1,1,8.45763848183588,1.59886076081892,1.59886076081892,1.64225089468946,1.14577004490432,1,1,1,1,1,1,1,1
"428",45.5566497088485,1,1,4.24899248069331,10.4444419470495,1.80848591671123,26.4128514580538,1,1,1,1,1,1,1,1
"429",1,1,1,1,1.57722574564176,1,1,1,1,1,1,1,1,1,1
"430",52.2457387227247,1,1,1.16269754450206,1,1,1,1,1,1,1,1,1,1,1
"431",1,1,1,14.4315375120839,13.4301351643093,14.4315375120839,8.45763848183588,1,1,1,1,1,1,1,1
"432",52.2457387227247,1,1,1,1.81491417369127,1,1,1,1,1,1,1,1,1,1
"433",1,1,1,1,1.29875979901637,1,1,1,1,1,1,1,1,1,1
"434",1,1,3.61524564631341,1.17155699201744,11.4362659539077,12.4354855904466,12.4354855904466,13.4301351643093,1,14.4315375120839,56.3847003748875,12.4883318263752,1,1,1
"435",52.2457387227247,1,1,1,1.27552165338163,1.24046667424329,1.24046667424329,1.12240353400653,1,1,1,1,1,1,1
"436",1,19.4186263455101,2.08342856133813,2.21427820127677,1.4629141800379,1,1,1,1,1,1,1,1,1,1
"437",1,1,1,1,1,1.33490353088609,1,1,1,1,1,1,1,1,1
"438",52.2457387227247,1,16.4244530184947,2.06339040831889,1,1,1,1,1,1,1,1,1,1,1
"439",1,1,1,7.47069061833734,30.4106435684764,30.4106435684764,5.88452043775026,1,1.80848591671123,1.25779677380711,1,1,1,1,1
"440",52.2457387227247,1,7.47069061833734,3.4037031918024,8.45763848183588,5.51980891299069,1.21961304505806,7.47069061833734,1,1,1,1,1,1,1
"441",10.3747876058376,1,25.4137583817701,3.1368605175462,5.99143170618606,1.42369830943733,1.24046667424329,1,1,1,1,1,1,1,1
"442",1,1,7.39976704971055,9.44936076139022,10.4444419470495,14.4315375120839,2.69630190694978,1,1,1,1,1,1,1,1
"443",45.5566497088485,1,6.4136791673023,1.57722574564176,1.55565933095065,11.4362659539077,2.52190924236229,1.39172759807787,1,1,1,1,1,1,1
"444",36.5525558343009,1,1,1,1,1,1,1,1,1,1,1,1,1,1
"445",45.5566497088485,1,1,1,1,1,1,1,1,1,1,1,1,1,1
"446",45.5566497088485,1,1,1,1,6.87316508707855,1,1,1,1,1,1,1,1,1
"447",52.2457387227247,1,1,1,1,1,1,1,1,1,1,1,1,1,1
"448",1,1,1,1,1,1,9.44936076139022,3.61524564631341,3.61524564631341,3.61524564631341,3.61524564631341,1,1,1,1
"449",1,1,1,1,1,1.27552165338163,6.49049714759709,1,1,1,1,1,1,1,1
"450",79.5519328053381,1,1,1,1,4.5577716174235,1,1,1,1,1,1,1,1,1
"451",1,1,2.31601553750525,6.49049714759709,5.51980891299069,4.5577716174235,14.4315375120839,1,1,1,1,1,1,1,1
"452",45.5566497088485,1,10.3434993589238,23.4160549657107,8.45763848183588,8.45763848183588,44.3960600940014,8.41440226414763,1.06218720089909,1.01839951620618,1.00814050004724,1.00556843129205,1.00487571854572,1.00425504438382,1.00403179078777
"453",1,1.94105020316088,35.4038959485813,3.57685466668715,1,5.51980891299069,6.49049714759709,6.49049714759709,3.26871565705671,1,1,1,1,1,1
"454",1,1,1,1,8.45763848183588,8.45763848183588,8.45763848183588,7.1251919736556,1,1,1,1,1,1,1
"455",79.5519328053381,1,1,1.80848591671123,3.61524564631341,1.80848591671123,1,1,1,1,1,1,1,1,1
"456",79.5519328053381,1,1,9.44936076139022,1.92028928067328,1.26419038750951,1.24046667424329,1.21961304505806,1,1,1,1,1,1,1
"457",79.5519328053381,1,1,12.4354855904466,11.4362659539077,11.4362659539077,10.4444419470495,22.4174625637233,1,1,1,1,1,1,1
"458",1,1,1,1,1,1,1,1,1,1,1,1,1,1,1
"459",36.5525558343009,1,1,1,1.62054260238083,1,1,1,1,1,1,1,1,1,1
"460",45.5566497088485,2.09027919475802,1.83618896031549,1,1,1,1,1,1,1,1,1,1,1,1
"461",1,28.1677137697294,2.50039712653199,1.83618896031549,1.83618896031549,1,1,1.15410063805561,1,1,1,1,1,1,1
"462",76.9475540786182,1,1,1,1,1,1,1,1,1,1,1,1,1,1
"463",52.2457387227247,1,1,1,1,1,1,1,1,1,1,1,1,1,1
"464",45.5566497088485,13.9453648902852,1.98224890691099,1,1,1,1,1,1,1,1,1,1,1,1
"465",1,1,1,1,1,1,1,1,1,1,1,1,1,1,1
"466",1,1,8.45763848183588,1.94105020316088,1,1,1,1,1,1,1,1,1,1,1
"467",1,1,15.427771517998,2.00268832769976,1.70735271011667,1.92768194536675,2.17383063271013,1.07248458005944,1,1,1,1,1,1,1
"468",1,1,1,1,1,1,1,1,1,1,1,1,1,1,1
"469",36.5525558343009,1,1,1,1,1,1,1,1,1,1,1,1,1,1
"470",41.0373474739746,1,1,1,1,1,1,1,1,1,1,1,1,1,1
"471",1,1,1,1,1,1.4629141800379,1,1,1,1,1,1,1,1,1
"472",45.5566497088485,1,1,1.80848591671123,1,1,9.44936076139022,5.51980891299069,1,1,1,1,1,1,1
"473",1,1,12.1357715123267,1.88774420455085,1.70735271011667,13.4301351643093,13.4301351643093,18.425088792663,1,1,1,1,1,1,1
"474",1,3.74767627661312,1.4629141800379,1,3.61524564631341,3.61524564631341,1,1,1,27.4120943223182,1,1,1,1,1
"475",1,1,1,1,1,1,1,1,1,1,1,1,1,1,1
"476",1,1,1,9.44936076139022,1.85736786069489,1,1,1,1,1,1,1,1,1,1
"477",52.2457387227247,1,1,1,1,1,1,1,1,1,1,1,1,1,1
"478",1,1,2.39208197547084,1.4629141800379,1,1,1,1,1,1,1,1,1,1,1
"479",76.9475540786182,1,1,1,1,1.35973127540826,1,1,1,1,1,1,1,1,1
"480",45.5566497088485,1,15.427771517998,16.4244530184947,16.4244530184947,12.4354855904466,1.49967736789875,1,1,1,1,1,1,1,1
"481",1,1,1,1,1,1,5.51980891299069,11.4362659539077,5.51980891299069,1,1,1,1,1,1
"482",79.5519328053381,1,1,1,1.06701887328797,1.43672386527338,1,1,1,1,1,1,1,1,1
"483",1,16.9498427901181,2.34336603587192,1.21961304505806,1.91200253401147,9.44936076139022,13.4301351643093,8.45763848183588,1,1,1,1,1,1,1
"484",52.2457387227247,1,1,1,1,1,3.61524564631341,3.61524564631341,1.26419038750951,1,1,1,1,1,1
"485",52.2457387227247,1,5.89845011125797,11.4362659539077,10.4444419470495,8.45763848183588,19.4228528897712,19.4228528897712,1.94105020316088,1.12991944375938,1,1,1,1,1
"486",45.5566497088485,1,4.34453027413685,1.27552165338163,1.2870480628014,6.49049714759709,2.69630190694978,1.80848591671123,27.4120943223182,1,1,1,1,1,1
"487",1,1,1,1,4.5577716174235,1.4629141800379,1.6475337895757,1,1,1,1,1,1,1,1
"488",79.5519328053381,1,4.5577716174235,4.5577716174235,8.45763848183588,4.19247319231859,1,1,1,1,1,1,1,1,1
"489",45.5566497088485,1,1,1,1,1,1,1,1,1,1,1,1,1,1
"490",10.3747876058376,1,19.4228528897712,2.16561121297873,1.87649157083375,1.18067452516403,1,1,1,1,1,1,1,1,1
"491",1,1,5.17556184854272,6.49049714759709,6.49049714759709,7.47069061833734,11.4362659539077,5.51980891299069,9.44936076139022,3.61524564631341,1,1,1,1,1
"492",1,1,1,1,1,1,1,1,1,1,1,1,1,1,1
"493",45.5566497088485,1,1,13.4301351643093,1.87844630115509,2.18965035083856,1.79354931904295,1.22993101695452,1,1,1,1,1,1,1
"494",1,1,1,1,1,1,1,1,1,1,1,1,1,1,1
"495",45.5566497088485,1,1,1,1,9.44936076139022,10.4444419470495,9.44936076139022,9.44936076139022,1.88774420455085,1,1,1,1,1
"496",1,1.87844630115509,1.96170326237793,1.1377088489335,1,18.425088792663,8.45763848183588,23.0532848680837,1,1,1,1,1,1,1
"497",79.5519328053381,1,1,2.69630190694978,2.69630190694978,5.04300089980183,1,1,1,1,1,1,1,1,1
"498",1,1,1,1,1,1,1,1,1,1,1,1,1,1,1
"499",45.5566497088485,1,1,20.4208483394876,21.419056396292,22.4174625637233,8.3180692470673,16.4244530184947,1.4629141800379,1,1,1,1,1,1
"500",1,1,1,1,1,1,1,1,1,1,1,1,1,1,1
"501",46.5136575631689,1,1,1,1,1,1,1,1,1,1,1,1,1,1
"502",45.5566497088485,1,22.4174625637233,2.32371874725687,1.53870347784516,1.02795413738756,1,1,1,1,1,1,1,1,1
"503",45.5566497088485,1,1,1.80848591671123,1,16.4244530184947,1,1,1,1,1,1,1,1,1
"504",45.5566497088485,1,1,1,1,1,1.80848591671123,1.85736786069489,1,1,1,1,1,1,1
"505",1,1,1,1,1,1,1,1,1,1,1,1,1,1,1
"506",1,1,1,5.51980891299069,6.49049714759709,5.51980891299069,1.33326491367385,1,1,1,1,1,1,1,1
"507",1,1,4.71097956496257,9.44936076139022,9.44936076139022,9.44936076139022,13.4301351643093,8.45763848183588,1.16342698050139,1,1,1,1,1,1
"508",45.5566497088485,1,1,3.61524564631341,1,10.4444419470495,1,1,1,1,1,1,1,1,1
"509",10.3747876058376,1,21.419056396292,2.64449269349761,3.0136464649185,1.92028928067328,1.43672386527338,2.04067106201928,2.06339040831889,1,1,1,1,1,1
"510",76.9475540786182,1,1,1,1,1,1,1,1,1,1,1,1,1,1
"511",10.3747876058376,1,12.4354855904466,15.427771517998,9.44936076139022,10.4444419470495,10.4444419470495,1,1,1,1,1,1,1,1
"512",45.5566497088485,2.09027919475802,1.81491417369127,1,1,1.05326903975241,1.4629141800379,1.4629141800379,2.67402960432786,1,1,1,1,1,1
"513",52.2457387227247,1,1.41749048074372,8.45763848183588,11.4362659539077,1,1,1,1,1,1,1,1,1,1
"514",1,1,1,1,1,1,1,1,1,1,1,1,1,1,1
"515",79.5519328053381,1,1,1.37185367123337,1.11516213977343,9.44936076139022,10.4444419470495,10.4444419470495,9.44936076139022,1,1,1,1,1,1
"516",79.5519328053381,1,1,1,7.47069061833734,8.45763848183588,7.47069061833734,1,1,1,1,1,1,1,1
"517",1,1,1,1,1,1,1,1,1,1,1,1,1,1,1
"518",1,1,1,9.44936076139022,1.7289925635092,1.68567262644676,1.79354931904295,1,1,1,1,1,1,1,1
"519",45.5566497088485,1,1,1,3.61524564631341,3.61524564631341,1,2.69630190694978,2.69630190694978,3.61524564631341,50.3893386254341,1,1,1,1
"520",79.5519328053381,1,14.4315375120839,14.4315375120839,3.90821246807939,1,1,1,1,1,1,1,1,1,1
"521",36.5525558343009,1,1.04317797937686,1.02662182393649,1,1.12966568604137,1.24046667424329,1,1,1,1,1,1,1,1
"522",1,8.32624593331842,2.50039712653199,1.66396671404696,3.64192195196026,16.4244530184947,13.5580721487423,1,1,1,1,1,1,1,1
"523",1,1,5.1919100082423,1.4629141800379,1,2.69630190694978,1.38503920642279,1,1,1,1,1,1,1,1
"524",1,1,1,1,1,1,1,1,1,1,1,1,1,1,1
"525",1,1,4.5577716174235,1.2870480628014,1,1.79556400538359,1.87844630115509,1,1,1,1,1,1,1,1
"526",45.5566497088485,1,1,1,1.80848591671123,1,1,1,1,3.61524564631341,47.3924236289881,1,1,1,1
"527",52.2457387227247,1,1,1,2.69630190694978,1.80848591671123,1,1,1,1,1,1,1,1,1
"528",1,3.17587532462306,1,1,14.4315375120839,4.22860559952951,2.97458719800915,2.97458719800915,2.37539147807522,2.20536078472734,1,1,1,1,1
"529",1,1,1,1,1.80848591671123,1,7.47069061833734,1,1,1,1,1,1,1,1
"530",1,1,1,1,1,1,1,1,1,1,1,1,1,1,1
"531",1,16.4519821167759,5.08320624884238,4.09742356434856,1.10819560424726,1,1,1,1,1,1,1,1,1,1
"532",52.2457387227247,1,10.4063403295478,1.94185601825639,1.84789492584105,1.66396671404696,2.24370970222308,13.4301351643093,1.4629141800379,2.12323194604117,14.2274200681101,1,1,1,1
"533",1,1,1,1,1,4.5577716174235,7.47069061833734,8.45763848183588,1,1,1,1,1,1,1
"534",1,1,1,1,6.49049714759709,5.51980891299069,1.80848591671123,2.69630190694978,42.4011029231925,1,1,1,1,1,1
"535",52.2457387227247,1,1,1,1.89581484733294,1,1,1,1,1,1,1,1,1,1
"536",1,1,1.80848591671123,1.14577004490432,1.64225089468946,1.75057929951399,2.33417810658356,1.27552165338163,1.04917136772992,1,1,1,1,1,1
"537",1,3.17587532462306,1,1.68567262644676,1.64225089468946,1.7289925635092,1.34725164715477,28.4114790429681,1,1,1,1,1,1,1
"538",1,1,1.07660163487936,1.80848591671123,2.69630190694978,14.4315375120839,1,1,1,1,1,1,1,1,1
"539",1,1,1,4.5577716174235,5.51980891299069,4.5577716174235,4.5577716174235,4.5577716174235,5.51980891299069,6.49049714759709,1,1,1,1,1
"540",45.5566497088485,1,1,1,1,1,1,1,1,1,1,1,1,1,1
"541",1,1,1,1,1,1,1,1,1,1,1,1,1,1,1
"542",1,1,10.4444419470495,9.64804425412216,14.4315375120839,13.0526257336558,1,1,1,1,1,1,1,1,1
"543",1,15.427771517998,1.79354931904295,1,1,1,1,1,1,1,1,1,1,1,1
"544",1,1,1.99327196175422,5.51980891299069,6.49049714759709,1,1,1,1,1,1,1,1,1,1
"545",45.5566497088485,1,8.45763848183588,1.75057929951399,1.25306367961689,1.00280026170485,1,1,1,1,1,1,1,1,1
"546",1,1,1,1,1,1,1,1,1,1,1,1,1,1,1
"547",1,1,1,1,4.5577716174235,4.5577716174235,1.80848591671123,1,5.51980891299069,41.4002754074368,1,1,1,1,1
"548",10.3747876058376,1,18.425088792663,2.40225429210611,1,1,1.06701887328797,1,1,1,1,1,1,1,1
"549",1,1,1,1,1,1,1,1,1,1,1,1,1,1,1
"550",1,1,1,1,1,1,1,1,1,1,1,1,1,1,1
"551",1,1,1,1,1,1,1,1,1,1,1,1,1,1,1
"552",1,1,7.87368096136829,1.83618896031549,1.14577004490432,1,1,1,1,1,1,1,1,1,1
"553",79.5519328053381,1,1,1,1,1,1,1,1,1,1,1,1,1,1
"554",1,1,1,1,1,1,1,1,1,1,1,1,1,1,1
"555",1,1,1,1,1,1.22993101695452,1,1,1,1,1,1,1,1,1
"556",79.5519328053381,1,1,7.47069061833734,6.55978415793786,3.044754096837,1,1,1,1,1,1,1,1,1
"557",1,1,4.5577716174235,1.31064667890689,1.19966266350302,6.49049714759709,2.2127532934013,1.80848591671123,1,1,1,1,1,1,1
"558",52.2457387227247,1,1,1,1,1,1,1.4629141800379,1,1,1,1,1,1,1
"559",45.5566497088485,1,11.4362659539077,1.7289925635092,1.79354931904295,1.87844630115509,1.4629141800379,1.12240353400653,1,1,1,1,1,1,1
"560",1,1,19.4228528897712,31.4104087014112,31.4104087014112,30.4106435684764,30.4106435684764,30.4106435684764,35.4038959485813,7.90790611790952,1.73618885924906,1.02198447650531,1.00524450315035,1.00320700808684,1.00280026170485
"561",79.5519328053381,1,1,12.4354855904466,13.4301351643093,12.4354855904466,9.44936076139022,5.51980891299069,1,1,1,1,1,1,1
"562",1,1,1,10.4444419470495,1.83618896031549,1,1,1,1,1,1,1,1,1,1
"563",1,1,1,1,1,1,1,1.80848591671123,1,1,1,1,1,1,1
"564",1,1,1,1,1,1,1.19966266350302,1,1,1,1,1,1,1,1
"565",1,1,19.4228528897712,3.49344921081784,4.33080813164729,4.03448653373574,5.09410299505051,4.4985013875041,1,1,1,1,1,1,1
"566",1,1,1.21474695362636,1.08893867383629,1.29875979901637,1.26419038750951,1.26419038750951,1.80848591671123,2.69630190694978,2.69630190694978,2.69630190694978,3.61524564631341,1,1,1
"567",1,1,2.45357735615163,1.31064667890689,1,1,1,1,1,1,1,1,1,1,1
"568",1,1,1,1,1.2870480628014,1.4629141800379,1,1,1,1,1,1,1,1,1
"569",36.5525558343009,1,1,1,1,1,1,1,1,1,1,1,1,1,1
"570",79.5519328053381,1,1,7.47069061833734,4.5577716174235,13.4301351643093,2.69630190694978,1,1,1,1,1,1,1,1
"571",1,1,1,1,1,1,1,1,1,1.4629141800379,1.38503920642279,1.4629141800379,1,1,1
"572",1,1,1,1,1,1,2.69630190694978,1,1,1,1,1,1,1,1
"573",1,1,1,1,1,1,1,1,1,1,1,1,1,1,1
"574",52.2457387227247,1,1,1,1,1.80848591671123,1,1,1,1,1,1,1,1,1
"575",1,1,13.4301351643093,2.59560086451492,2.47436458531897,2.47436458531897,2.31422365749479,2.17820193079689,1.05878803845648,1,1,1,1,1,1
"576",36.5525558343009,1,1.42770833209965,1.10819560424726,6.49049714759709,8.45763848183588,8.45763848183588,10.4444419470495,2.69630190694978,1,1,1,1,1,1
"577",45.5566497088485,1,1,1,9.44936076139022,7.47069061833734,4.5577716174235,10.4444419470495,1.80848591671123,1,1,1,1,1,1
"578",55.1622676752603,1,1,1,4.5577716174235,1.79354931904295,1,1,1,1,1,1,1,1,1
"579",1,1,1,8.45763848183588,10.4444419470495,1.80848591671123,1,1,1,1,1,1,1,1,1
"580",1,13.0070183118671,2.40225429210611,2.34336603587192,2.28437450001415,3.34791930611945,1.05878803845648,1,1,1,1,1,1,1,1
"581",10.3747876058376,1,1,1,1,1,2.69630190694978,2.28437450001415,1,1,1,1,1,1,1
"582",10.3747876058376,2.38671972445245,1.4629141800379,1,1,1.34725164715477,1.59886076081892,1.75057929951399,1,1,1,1,1,1,1
"583",1,1,1,1,1.66396671404696,1,1,1,1,1,1,1,1,1,1
"584",1,1,1,1,1,1,1,1,1,1,1,1,1,1,1
"585",79.5519328053381,1,1,1,8.45763848183588,6.49049714759709,5.51980891299069,7.47069061833734,2.69630190694978,1,1,1,1,1,1
"586",1,1,1,1,1.03994823288376,1.44979964648167,1,1,1,1,1,1,1,1,1
"587",52.2457387227247,1,1,4.5577716174235,2.69630190694978,3.61524564631341,3.61524564631341,1,1,1,1,1,1,1,1
"588",1,1,1,6.49049714759709,5.51980891299069,5.51980891299069,9.44936076139022,1,1,1,1,1,1,1,1
"589",45.5566497088485,1,12.4354855904466,1.7289925635092,1.89942087850472,1.94105020316088,1.92028928067328,1.87844630115509,4.26094047771616,1.15410063805561,1,1,1,1,1
"590",79.5519328053381,1,17.4215018052907,2.00268832769976,1,1.25465096062226,1.19004501359785,1,1,1,1,1,1,1,1
"591",36.5525558343009,1,11.3253568687607,1.75057929951399,1.38503920642279,1.12991944375938,1,1,1,1,1,1,1,1,1
"592",1,1,1,1,1,1,1,1,1,1,1,1,1,1,1
"593",1,10.1912875394091,2.24493471067526,1,1,1,1,1,1,1,1,1,1,1,1
"594",1,1,1,2.69630190694978,2.69630190694978,2.69630190694978,1,1,1,1,1,1,1,1,1
"595",10.3747876058376,1,1,2.69630190694978,26.4128514580538,24.4148233321298,24.4148233321298,11.2776677813954,1,1,1,1,1,1,1
"596",55.1622676752603,1,1.22079322215926,1.12991944375938,1.19004501359785,1.24046667424329,1.4629141800379,1.4629141800379,2.90462304069905,1,1,1,1,1,1
"597",1,1,1,1,1,1,1,1,1,1,1,1,1,1,1
"598",1,1.94105020316088,1.98224890691099,1.75057929951399,1.4629141800379,1,1,1,1,1,1,1,1,1,1
"599",1,1,1,1,1,1,1,1,1,1,1,1,1,1,1
"600",1,1,1,1,1,1,1,1,1,1,1,1,1,1,1
"601",10.3747876058376,17.7303539895583,2.50039712653199,1.19966266350302,1,1,1,1,1,1,1,1,1,1,1
"602",1,1,1,1,1,1,1,1,1,1,1,1,1,1,1
"603",10.3747876058376,1,1,1,1,1,2.69630190694978,1,1,1,1,1,1,1,1
"604",1,1,1,3.61524564631341,1.39784429914051,1,1,1,1,1,1,1,1,1,1
"605",52.2457387227247,1,1,1,2.69630190694978,2.69630190694978,1.25465096062226,1,1,1,1,1,1,1,1
"606",1,1,1,1,1,1,7.47069061833734,2.69630190694978,1,1,1,1,1,1,1
"607",1,1,3.61524564631341,1.19966266350302,6.49049714759709,8.45763848183588,1.4629141800379,1.4629141800379,13.4301351643093,1,1,1,1,1,1
"608",1,1,7.66332506111508,1.77210152677037,1,1,1,1,1,1,1,1,1,1,1
"609",1,1,1,1,1,1,1,1,1,1,1,1,1,1,1
"610",52.2457387227247,1,1,1,1,3.61524564631341,2.14300494247886,1,1,1,1,1,1,1,1
"611",79.5519328053381,3.2926430491384,2.32371874725687,1,1,1,1,1,1,1,1,1,1,1,1
"612",1,1,1.53833117762415,7.47069061833734,3.43663274026343,3.30920365736064,1.29875979901637,1,1,1,1,1,1,1,1
"613",52.2457387227247,1,1,1,1,1,1,1,1,1,1,1,1,1,1
"614",1,24.9875326611267,2.61903235630246,1.97274585867342,1,1,1,1.04530652015593,1,1,1,1,1,1,1
"615",52.2457387227247,1,1,1,1,1,7.47069061833734,5.51980891299069,5.51980891299069,1.50446070134746,1.13007746457315,6.49049714759709,1,1,1
"616",1,1,1,1,1,1,1,1,1,1,1,1,1,1,1
"617",1,1,1,1.19004501359785,1,1,1,1,1,1,1,1,1,1,1
"618",1,1,1,12.4354855904466,2.69630190694978,22.4174625637233,29.410997941167,2.69630190694978,1,1,1,1,1,1,1
"619",55.1622676752603,1,14.4315375120839,1.79354931904295,1.68567262644676,1.4629141800379,1,1,1,1,1,1,1,1,1
"620",1,1,1,1,1,1.59886076081892,1,1,1,1,1,1,1,1,1
"621",1,1,1,12.4354855904466,2.06339040831889,1.53870347784516,1.31064667890689,1,1,1,1,1,1,1,1
"622",1,1,1,9.44936076139022,7.47069061833734,6.49049714759709,7.47069061833734,4.5577716174235,1,1,1,1,1,1,1
"623",1,1,1,1,1,1.79177114753445,1,1,1,1,1,1,1,1,1
"624",45.5566497088485,1,5.51980891299069,1.4629141800379,1,1,1,1,1,1,1,1,1,1,1
"625",1,1,4.5577716174235,5.51980891299069,2.11362733564881,1,1,1,1,1,1,1,1,1,1
"626",1,1,1,1,1,1,1,1,1,1,1,1,1,1,1
"627",1,1,1,1,6.49049714759709,1,5.51980891299069,1,1,1,1,1,1,1,1
"628",10.3747876058376,1,1,1,1,1,2.09872891402089,1,1,1,1,1,1,1,1
"629",79.5519328053381,1,1,1,1,1,1,1,1,1,1,1,1,1,1
"630",1,1,4.19310320228323,1.41073456640162,1.2870480628014,1.31064667890689,3.61524564631341,4.5577716174235,5.51980891299069,1,1,1,1,1,1
"631",1,14.7026692122653,2.06339040831889,1.34837740313774,2.23213231336615,20.4208483394876,3.85616533472177,3.04941697199338,3.22857904454572,3.16886876227027,11.7586580880288,1,1,1,1
"632",45.5566497088485,1,6.50567497635171,7.47069061833734,7.47069061833734,8.45763848183588,1,1,1,1,1,1,1,1,1
"633",36.5525558343009,1,1,11.4362659539077,10.4444419470495,14.4315375120839,1,1,1,1,1,1,1,1,1
"634",45.5566497088485,1,1,8.45763848183588,8.45763848183588,10.4444419470495,3.61524564631341,1,1,1,1,1,1,1,1
"635",1,1,1,4.5577716174235,1.2870480628014,1.22157396886577,1,1,1,1,1,1,1,1,1
"636",1,1,1.48036711517174,1.21961304505806,1.05326903975241,3.61524564631341,1.76149828681603,1,1,1,1,1,1,1,1
"637",1,1,1,1,1,1,1,1,1,1,1,1,1,1,1
"638",1,1,1,3.61524564631341,1.4629141800379,1,1,1,1,1,1,1,1,1,1
"639",79.5519328053381,1,1,1,3.61524564631341,1.80848591671123,6.49049714759709,1,1,1,1,1,1,1,1
"640",10.3747876058376,1,1,2.94867646362175,9.44936076139022,1,26.4128514580538,8.45763848183588,1.15410063805561,1,1,1,1,1,1
"641",1,1,5.51980891299069,26.4128514580538,29.410997941167,22.4174625637233,17.4215018052907,44.3960600940014,1,1,1,1,1,1,1
"642",55.1622676752603,1,14.4315375120839,15.427771517998,17.4215018052907,8.45763848183588,1,1,1,1,1,1,1,1,1
"643",1,1,1,3.61524564631341,1.65418202317192,1,1,1,1,1,1,1,1,1,1
"644",1,3.2926430491384,2.08342856133813,1,3.31232049611359,1.42369830943733,1.0721056673163,1,1,1,1,1,1,1,1
"645",1,1,1,8.45763848183588,3.02790444151134,2.03149485201064,1,1,1,1,1,1,1,1,1
"646",10.3747876058376,14.7026692122653,2.30405629960544,1.62054260238083,1.7289925635092,1.24046667424329,1.10819560424726,1,1,1,1,1,1,1,1
"647",10.3747876058376,1,3.61524564631341,1.32269819036508,1,6.49049714759709,5.51980891299069,5.51980891299069,6.49049714759709,6.49049714759709,3.61524564631341,3.44035859404207,2.23571075315438,6.49049714759709,58.2073469285209
"648",10.3747876058376,1,1,1,8.45763848183588,1,1,1,5.51980891299069,12.5779495050656,1,1,1,1,1
"649",52.2457387227247,1,1,1,1,1,1,1,1,1,1,1,1,1,1
"650",1,1,1,1,1,1,1,1,1,1,1,1,1,1,1
"651",55.1622676752603,1,1,1,1,1,2.69630190694978,1,1,3.61524564631341,1,1,1,1,1
"652",1,1,1,1,1,1,1,1,1,1,1,1,1,1,1
"653",10.3747876058376,24.1690433446406,2.30405629960544,1,4.5577716174235,1.8614037283234,1.13988739620363,1,1,1,1,1,1,1,1
"654",79.5519328053381,1,1,1,6.49049714759709,1,1.80848591671123,22.270814751185,1,1,1,1,1,1,1
"655",1,1,1,1,1,1,1,1,1,1,1,1,1,1,1
"656",1,3.8875267483711,1.33490353088609,12.4354855904466,1,9.65384615369863,1,1,1,1,1,1,1,1,1
"657",1,1,1,1,1,1,1,1.69931612140327,1,1,1,1,1,1,1
"658",1,3.8875267483711,25.4137583817701,2.93784742196691,4.77724710868825,1.31064667890689,17.4215018052907,2.36300205919822,1,1,1,1,1,1,1
"659",36.5525558343009,1,1,1,4.5577716174235,3.61524564631341,8.45763848183588,1,1,1,1,1,1,1,1
"660",1,1,1,1,1,1,1,1,1,1,1,1,1,1,1
"661",1,1,1,1,1,1,1,1,1,1,1,1,1,1,1
"662",1,15.427771517998,1.81491417369127,1,11.4362659539077,10.4444419470495,10.4444419470495,16.4244530184947,1,1,1,1,1,1,1
"663",79.5519328053381,1,1,4.5577716174235,5.51980891299069,2.69630190694978,1,5.51980891299069,12.9576016435024,1,1,1,1,1,1
"664",1,1,1,1,1,1,6.49049714759709,2.04325643436213,1,1,1,1,1,1,1
"665",55.1622676752603,1,7.47069061833734,9.44936076139022,8.85733628363042,6.16541404937192,9.44936076139022,2.49470271073449,1,1,1,1,1,1,1
"666",10.3747876058376,1,1,3.61524564631341,1.83618896031549,1,1,1,1,1,1,1,1,1,1
"667",79.5519328053381,1,1,5.51980891299069,1,4.09206469791201,1,1,1,1,1,1,1,1,1
"668",1,1,1,1,1,2.17383063271013,1,1,1,1,1,1,1,1,1
"669",1,1,31.4104087014112,36.4042109739177,4.41465585309148,3.61524564631341,1,1,1,1,1,1,1,1,1
"670",1,1,1,1,1,4.5577716174235,1,1,3.61524564631341,34.403672999302,1,1,1,1,1
"671",1,1,1,1,1,1,1,1,1,1,1,1,1,1,1
"672",52.2457387227247,1,10.4444419470495,2.42682331938887,2.11142461030746,2.03820648587496,1.57722574564176,1,1,1,1,1,1,1,1
"673",52.2457387227247,1,1,1,1,1,1,1,1,1,1,1,1,1,1
"674",76.9475540786182,1,1,1,1,1,1,1,1,1,1,1,1,1,1
"675",79.5519328053381,1,1,1,1,1,1,1,1,1,1,1,1,1,1
"676",1,1,1,1,1,1,1,1,1,1,1,1,1,1,1
"677",1,1,1,1,1,1,10.8474611242024,1,1,1,1,1,1,1,1
"678",1,1,1,1.80848591671123,1.80848591671123,2.84441093712243,1,1,1,1,1,1,1,1,1
"679",1,14.7026692122653,35.4038959485813,3.61649563487478,1,5.51980891299069,9.44936076139022,3.22857904454572,1,1,1,1,1,1,1
"680",45.5566497088485,1,1,5.51980891299069,6.49049714759709,4.5577716174235,4.5577716174235,10.4444419470495,1,1,1,1,1,1,1
"681",79.5519328053381,1,12.617273152592,16.4244530184947,16.4244530184947,23.4160549657107,1,1,1,1,1,1,1,1,1
"682",1,28.1448832749297,2.50039712653199,1,1.80848591671123,1.3110059226932,1,1,1,1,1,1,1,1,1
"683",1,1,1,1,1.4629141800379,1,1,1,1,1,1,1,1,1,1
"684",1,17.9146191645962,2.12323194604117,1.26419038750951,4.7765777715262,2.18255601320701,8.45763848183588,1.89942087850472,1,1,1,1,1,1,1
"685",1,1,1.70268070894591,1.16269754450206,1.07745203239714,1,1,1,1,1,1,1,1,1,1
"686",1,1,1,1,1,1,1,1,1,1,1,1,1,1,1
"687",1,1,4.8221040330727,8.45763848183588,8.45763848183588,2.77963424492771,1,1,1,1,1,1,1,1,1
"688",1,1,1,18.425088792663,2.49532910831516,3.57054861068732,2.41581608129406,1.62054260238083,1,1,1,1,1,1,1
"689",1,1,14.4315375120839,14.4315375120839,5.8017532617646,2.89722950562475,2.92680016878689,1,1,1,1,1,1,1,1
"690",1,1,1.92166807531758,6.49049714759709,5.51980891299069,5.51980891299069,5.51980891299069,10.4444419470495,1,1,1,1,1,1,1
"691",1,1,1,1,1,1,1.21961304505806,1,1,1,1,1,1,1,1
"692",1,1,1.60737737417468,1.12240353400653,1.05760571749482,1,1,1,1,1,1,1,1,1,1
"693",52.2457387227247,1,1.80848591671123,10.4444419470495,12.4354855904466,10.4444419470495,8.45763848183588,1.27015528590492,1,1,1,1,1,1,1
"694",52.2457387227247,1,1,1.80848591671123,1.80848591671123,1.80848591671123,1,1,1,1,1,1,1,1,1
"695",79.5519328053381,1,1,1.04569886899499,12.4354855904466,1.80848591671123,13.9607378011628,1,1,1,1,1,1,1,1
"696",1,1,1,1,1,1,1,1,1,1,1,1,1,1,1
"697",36.5525558343009,1,1,1,1,1,1,1,1,1,1,1,1,1,1
"698",1,1.94105020316088,2.08342856133813,2.14300494247886,2.16561121297873,2.29751124794508,2.92680016878689,2.92680016878689,3.97807074854389,1,1,1,1,1,1
"699",52.2457387227247,1,1,1,1.80848591671123,1,1.80848591671123,2.69630190694978,2.69630190694978,4.5577716174235,1,1,1,1,1
"700",45.5566497088485,1,1.80848591671123,1.33490353088609,1.96170326237793,19.4228528897712,13.4301351643093,28.4114790429681,1,1,1,1,1,1,1
"701",10.3747876058376,1,1,1,20.4208483394876,21.419056396292,4.13716868918592,1,1,1,1,1,1,1,1
"702",1,1,1,1,1,1,1,1,1,1,1,1,1,1,1
"703",1,1,1,1,1.80848591671123,2.39842343477037,1,1,1,1,1,1,1,1,1
"704",1,16.9498427901181,33.403548652878,3.46707382998308,10.5280938349027,8.16429217593297,2.66049227038198,1,1,1,1,1,1,1,1
"705",52.2457387227247,1,1,2.69630190694978,3.61524564631341,4.5577716174235,3.61524564631341,4.5577716174235,5.51980891299069,1,1,1,1,1,1
"706",1,1,1,6.49049714759709,1.7289925635092,1,1,1,1,1,1,1,1,1,1
"707",52.2457387227247,1,7.47069061833734,7.47069061833734,1.95934704896885,1,1,1,1,1,1,1,1,1,1
"708",10.3747876058376,1,8.45763848183588,10.4444419470495,7.47069061833734,7.47069061833734,8.45763848183588,10.4444419470495,1.44979964648167,1.11516213977343,1,1,1,1,1
"709",45.5566497088485,1,1,2.69630190694978,2.69630190694978,2.51783570678618,1,1,1,1,1,1,1,1,1
"710",1,1,1,1,1,1,1,1,1,1,1,1,1,1,1
"711",52.2457387227247,1,1,1,1.4629141800379,7.47069061833734,11.4362659539077,4.5577716174235,1,1,1,1,1,1,1
"712",55.1622676752603,1,1,1,1,1,1,1,1,1,1,1,1,1,1
"713",1,1,1,1,1,1,1,1,1,1,1,1,1,1,1
"714",1,1,1,1,3.61524564631341,2.69630190694978,1.80848591671123,2.69630190694978,2.69630190694978,4.5577716174235,1,1,1,1,1
"715",79.5519328053381,1,1,1,2.69630190694978,2.69630190694978,1.80848591671123,1.80848591671123,1,1,1,1,1,1,1
"716",1,1,1,3.61524564631341,4.72163426227541,1.80848591671123,1,1,1,1,1,1,1,1,1
"717",1,1,1,1,1,1,1,1,1,1,1,1,1,1,1
"718",1,1,1,1,1,1,1,1,1,1,1,1,1,1,1
"719",1,1,3.47467854781768,1.4629141800379,1,1,1,1,1,1,1,1,1,1,1
"720",79.5519328053381,11.2868782541769,2.10337447185308,1,2.69630190694978,1.55904248235414,1.22584579492651,1,1,1,1,1,1,1,1
"721",1,1,1,1,1,1,1.80848591671123,1,1,1,1,1,1,1,1
"722",10.3747876058376,1,1,1,1.33490353088609,13.4301351643093,12.4354855904466,16.4244530184947,1,1,1,1,1,1,1
"723",79.5519328053381,1,1,1,1,1,1,1,1,1,1,1,1,1,1
"724",45.5566497088485,1,1,1,1,1,1,1,1,1,1,1,1,1,1
"725",10.3747876058376,1,1,1,1,1,7.47069061833734,2.16561121297873,1,1,1,1,1,1,1
"726",1,1,1,1,1,1,1.19966266350302,1,1,1,1,1,1,1,1
"727",1,1,1,1,1,1,1,1,1,1,1,1,1,1,1
"728",79.5519328053381,1,1,1,1,1,1,1,1,1,1,1,1,1,1
"729",1,1,1,7.47069061833734,7.47069061833734,8.45763848183588,9.44936076139022,11.4362659539077,2.69630190694978,1,1,1,1,1,1
"730",1,1,4.09042220956702,4.5577716174235,1.47035907361946,1,1,1,1,1,1,1,1,1,1
"731",1,1,1,1,1,3.61524564631341,1,1,1,1,1,1,1,1,1
"732",10.3747876058376,1,1,1.62054260238083,1.66396671404696,1.53418461974315,1.18067452516403,1,1,1,1,1,1,1,1
"733",1,1,1,10.4444419470495,7.47069061833734,7.47069061833734,8.45763848183588,1,1,1,1,1,1,1,1
"734",1,1,1,1,1,1,1,1,1,1,1,1,1,1,1
"735",1,1,1,1,1,1,1,1,1,1,1,1,1,1,1
"736",79.5519328053381,9.28658594981453,2.16561121297873,1,1,1,1,1,1,1,1,1,1,1,1
"737",36.5525558343009,1,1,1.80848591671123,1.24046667424329,1,1,1,1,1,1,1,1,1,1
"738",45.5566497088485,1,2.69630190694978,1.4629141800379,1,1,1,1,1,1,1,1,1,1,1
"739",79.5519328053381,1,1,1,3.61524564631341,1,5.51980891299069,3.61524564631341,3.61524564631341,1,1,1,1,1,1
"740",1,9.28658594981453,2.04325643436213,1,1,6.49049714759709,2.49470271073449,1,1,1,1,1,1,1,1
"741",52.2457387227247,1,1,1,1,4.5577716174235,1,5.51980891299069,5.51980891299069,5.51980891299069,4.5577716174235,52.392397715266,1,1,1
"742",55.1622676752603,1,1,1,8.45763848183588,4.5577716174235,4.5577716174235,24.4148233321298,1,1,1,1,1,1,1
"743",1,1,1,1,1,1,1,1,1,1,1,1,1,1,1
"744",10.3747876058376,2.54469847664197,1,1.32269819036508,1.34725164715477,11.4362659539077,8.45763848183588,10.4444419470495,5.51980891299069,1,1,1,1,1,1
"745",45.5566497088485,1,1,1,1,5.51980891299069,1.81491417369127,1,1,1,1,1,1,1,1
"746",10.3747876058376,1,5.51980891299069,1.4629141800379,1,4.5577716174235,4.5577716174235,5.51980891299069,1,1,1,1,1,1,1
"747",1,1,1,1,1,1,1,1,1,1,1,1,1,1,1
"748",79.5519328053381,1,7.33355436954638,1.70735271011667,1.75057929951399,1.87844630115509,1.0721056673163,1,1,1,1,1,1,1,1
"749",1,1,4.91848654708915,1.43672386527338,1.33490353088609,1.32269819036508,1.31064667890689,1,1,1,1,1,1,1,1
"750",1,1,1,1,1,1,1,1,1,1,1,1,1,1,1
"751",45.5566497088485,1,1.12276008786175,5.51980891299069,2.69630190694978,1,6.49049714759709,1,11.4362659539077,12.4354855904466,6.22636201094654,1.4629141800379,1,1,1
"752",52.2457387227247,1,1,1.59886076081892,1.75057929951399,1.35973127540826,1,1,1,1,1,1,1,1,1
"753",52.2457387227247,1,1,3.61524564631341,1.70735271011667,1.39784429914051,1.4629141800379,1,1,1,1,1,1,1,1
"754",1,1,29.410997941167,33.403548652878,10.2294834404789,6.85041761379597,11.4362659539077,8.20228470268552,1.4629141800379,1,1,1,1,1,1
"755",1,1,1,1,1,1,1,1,1,1,1,1,1,1,1
"756",55.1622676752603,1,2.04922518057889,11.4362659539077,4.47427174141297,1,1,1,1,1,1,1,1,1,1
"757",1,13.5344294372907,1.87844630115509,1.38503920642279,7.47069061833734,5.51980891299069,10.4444419470495,10.4444419470495,8.45763848183588,13.3322216021103,1,1,1,1,1
"758",52.2457387227247,1,6.49049714759709,1.68567262644676,2.02302336805241,2.32371874725687,1.0198389067244,1,1,1,1,1,1,1,1
"759",1,1,1,9.44936076139022,3.69093625188764,2.47220882791758,1.95934704896885,1,1,1,1,1,1,1,1
"760",1,1,1,1,1,1,1,1,1,1,1,1,1,1,1
"761",1,1,1,13.4301351643093,3.35166052433827,2.69630190694978,1,1,1,1,1,1,1,1,1
"762",1,1,7.35741076702789,1.81491417369127,1.32269819036508,1,1,1,1,1,1,1,1,1,1
"763",1,1,10.4444419470495,1.85736786069489,1.57722574564176,1.7289925635092,1.92028928067328,2.12323194604117,1,1,1,1,1,1,1
"764",36.5525558343009,1,9.64804425412216,1.70735271011667,1,1.00814050004724,1.15410063805561,1,1,1,1,1,1,1,1
"765",1,1,1,1,5.51980891299069,8.45763848183588,4.5577716174235,1,1,1,1,1,1,1,1
"766",1,1,1,1,1,1,1,1,1,1,1,1,1,1,1
"767",1,1,1.34004508160897,12.4354855904466,12.4354855904466,11.4362659539077,9.44936076139022,32.410286343985,1,1,1,1,1,1,1
"768",1,1,21.419056396292,21.419056396292,19.7429624729617,18.425088792663,2.04067106201928,1,1,1,1,1,1,1,1
"769",45.5566497088485,1,1,11.3253568687607,12.4354855904466,15.427771517998,15.427771517998,21.419056396292,4.5577716174235,1,1,1,1,1,1
"770",1,1,1,1,1,1,1,1,1,1,1,1,1,1,1
"771",1,1,1,1,1.18183987037291,1,1,1,1,1,1,1,1,1,1
"772",79.5519328053381,1,1,1,1,1,1,1,1,1,1,1,1,1,1
"773",45.5566497088485,1,1,1,1,7.47069061833734,6.49049714759709,4.01586372909519,1,1,1,1,1,1,1
"774",1,1,1,3.61524564631341,1.44979964648167,1.29875979901637,1.31064667890689,1,1,1,1,1,1,1,1
"775",52.2457387227247,1,11.4362659539077,2.02302336805241,1.24046667424329,12.4354855904466,13.4301351643093,11.4362659539077,1,1,1,1,1,1,1
"776",1,1,1,1,1,1.83483611825773,1,1,1,1,1,1,1,1,1
"777",1,1,1,6.49049714759709,34.403672999302,1,57.3865735818298,9.98669649073491,1,1,1,1,1,1,1
"778",1,1,1,1,1,1,1,1,1,1,1,1,1,1,1
"779",10.3747876058376,1,8.45763848183588,1.79354931904295,1.4629141800379,11.4362659539077,1,2.69630190694978,32.410286343985,1,1,1,1,1,1
"780",1,1,8.45763848183588,1.62054260238083,1.00663888989057,1,1,1,1,1,1,1,1,1,1
"781",79.5519328053381,1,1,1,1,1,1,1,1,1,1,1,1,1,1
"782",1,1,1,1,1,1,1,1,1,1,1,1,1,1,1
"783",1,1,1.95207934279968,5.51980891299069,5.51980891299069,3.44035859404207,7.47069061833734,1,3.61524564631341,8.45763848183588,1,1,1,1,1
"784",1,1,1,1,1.02995058398456,1.4629141800379,1,1,1,1,1,1,1,1,1
"785",52.2457387227247,1,1,1,1,1,1,1,1,1,1,1,1,1,1
"786",52.2457387227247,1,1,1,1,1,1,1,1,1,1,1,1,1,1
"787",1,1,1,1,1,1,1.35973127540826,1,1,1,1,1,1,1,1
"788",1,1,1,1,1,1,1,9.44936076139022,1,1,1,1,1,1,1
"789",1,17.9146191645962,18.6023017842933,3.05666158196688,2.05212988712546,1.32269819036508,1.0950851647364,1,1,1,1,1,1,1,1
"790",1,1,1,1,1,1,1,1.42369830943733,1,1,1,1,1,1,1
"791",55.1622676752603,1,1,1,1,1,1,1,1,1,1,1,1,1,1
"792",52.2457387227247,1,1,17.4215018052907,15.0188294178302,8.7834285049055,1,1,1,1,1,1,1,1,1
"793",1,1,10.4444419470495,1.77210152677037,1,1,1.43672386527338,1.87844630115509,1,1,1,1,1,1,1
"794",10.3747876058376,1,1,1,1,23.4160549657107,20.8285603098293,12.6093971936479,1.7289925635092,1,1,1,1,1,1
"795",52.2457387227247,1,1,1,1,1,1,1,1,1,1,1,1,1,1
"796",52.2457387227247,1,1,1.10819560424726,1.21961304505806,1,1,1,1,1,1,1,1,1,1
"797",55.1622676752603,1,1.44396925340215,1.18067452516403,1,1,1,1,1,1,1,1,1,1,1
"798",1,1,1,1,4.5577716174235,1.32269819036508,3.51174631879999,1.19966266350302,1,1,1,1,1,1,1
"799",1,1,1,1.80848591671123,2.69630190694978,1,13.4301351643093,6.49049714759709,1,1,1,1,1,1,1
"800",52.2457387227247,1,1,1,1,1,1,1,1,1,1,1,1,1,1
"801",10.3747876058376,2.54469847664197,1,1.08306190382855,1.08306190382855,10.4444419470495,7.47069061833734,8.45763848183588,7.47069061833734,1,1,1,1,1,1
"802",1,1,4.71097956496257,2.34591882487288,1.70908565142806,9.44936076139022,1.0721056673163,6.49049714759709,6.49049714759709,1,1,1,1,1,1
"803",45.5566497088485,1,7.19212564512727,9.44936076139022,11.4362659539077,3.61524564631341,1,1,1,1,1,1,1,1,1
"804",1,1,1,1,1.03085820434771,1,1,1,1,1,1,1,1,1,1
"805",45.5566497088485,1,1,1,7.47069061833734,5.51980891299069,7.47069061833734,7.47069061833734,5.51980891299069,2.69630190694978,4.5577716174235,47.3924236289881,1,1,1
"806",79.5519328053381,1,1,1,3.61524564631341,1.55565933095065,1,1,1,1,1,1,1,1,1
"807",1,1,2.63300780288512,5.51980891299069,2.30061920107926,1.97298659645875,1.39784429914051,1,1,1,1,1,1,1,1
"808",45.5566497088485,2.25295912750453,1,1,1,1,1.39526955772054,1,1,1,1,1,1,1,1
"809",1,1,6.49049714759709,1.42019607339212,1.35973127540826,1.37233098235394,1.47235153945835,1,1,1,1,1,1,1,1
"810",79.5519328053381,1,10.4444419470495,1.92028928067328,1.00814050004724,1,1,1,1,1,1,1,1,1,1
"811",1,1,1,1,1,1,1,1,1,1,1,1,1,1,1
"812",1,1,28.4114790429681,35.4038959485813,4.37510647007062,6.49049714759709,1.63815022892227,1,1,1,1,1,1,1,1
"813",1,1,5.79607172382706,3.60860916886694,9.44936076139022,8.45763848183588,9.44936076139022,7.47069061833734,1,1,1,1,1,1,1
"814",45.5566497088485,1,1,1.24046667424329,4.5577716174235,1,28.4114790429681,5.39722701729021,1,1,1,1,1,1,1
"815",1,1,1,1,1,1.20952103208818,1.15410063805561,1.12240353400653,3.61524564631341,1.42369830943733,2.02302336805241,1,1,1,1
"816",1,1,11.4362659539077,1.75057929951399,1.83618896031549,2.12323194604117,1,1,1,1,1,1,1,1,1
"817",55.1622676752603,1,1,1,1,1,1,1,1,8.45763848183588,1,1,1,1,1
"818",79.5519328053381,1,1,1,5.51980891299069,1,22.4174625637233,21.419056396292,24.4148233321298,1,1,1,1,1,1
"819",79.5519328053381,1,1,1,1,2.01841034845189,1.7850726841798,1.44979964648167,1,1,1,1,1,1,1
"820",79.5519328053381,1,1,1,1,1,1,1,1,1,1,1,1,1,1
"821",1,16.9498427901181,2.36300205919822,1.92028928067328,2.05506864125833,2.25466721924866,1.53418461974315,1.72935578607873,1.68233536691897,1,1,1,1,1,1
"822",52.2457387227247,1,1,1,1,1,1,1.80848591671123,1,1,1,1,1,1,1
"823",1,1,1,7.47069061833734,7.43000810178218,3.95308521624176,1.25242006831236,1,1,1,1,1,1,1,1
"824",1,1,6.36331334512909,1.4629141800379,1.4629141800379,1.43672386527338,1.39784429914051,5.87943042043813,1,1,1,1,1,1,1
"825",1,1,1,2.69630190694978,2.14510668701895,1,1,1,1,1,1,1,1,1,1
"826",1,1,1,4.5577716174235,4.5577716174235,3.22173813899203,1,1,1,1,1,1,1,1,1
"827",1,31.9192801273517,3.01955301667376,3.21724290657533,1.21961304505806,1.02923623873361,1,1,1,1,1,1,1,1,1
"828",45.5566497088485,1,4.5577716174235,12.4354855904466,4.5577716174235,23.4160549657107,21.419056396292,22.4174625637233,42.4011029231925,1,1,1,1,1,1
"829",1,1,1,1,1,1,1,1,1,1,1,1,1,1,1
"830",1,3.74767627661312,23.4160549657107,3.25627444060314,1,1,1,1,1,1,1,1,1,1,1
"831",1,1,1,1,1,1.34725164715477,1,1,1,1,1,1,1,1,1
"832",52.2457387227247,1,1,1,1,1,4.5577716174235,2.69630190694978,1,1,1,1,1,1,1
"833",10.3747876058376,1,12.4354855904466,3.61524564631341,3.37772926841721,1,1,1,1,1,1,1,1,1,1
"834",52.2457387227247,1,1,1,1,1,1,1,1,1,1,1,1,1,1
"835",79.5519328053381,1,1,3.61524564631341,1.7289925635092,1,1,1,1,1,1,1,1,1,1
"836",52.2457387227247,1,16.4244530184947,1.98224890691099,1.75057929951399,1.7289925635092,1.4629141800379,1,1,1,1,1,1,1,1
"837",1,1,1,10.4444419470495,1.70735271011667,1.66396671404696,1.68567262644676,1.62054260238083,1.66396671404696,1,1,1,1,1,1
"838",52.2457387227247,1,1,1,1,1.7289925635092,8.45763848183588,9.44936076139022,7.47069061833734,1,1,1,1,1,1
"839",52.2457387227247,1,1,1.2870480628014,1.38503920642279,1.2870480628014,1.33490353088609,1.38503920642279,1.07660163487936,1,1,1,1,1,1
"840",1,3.74767627661312,30.4106435684764,4.54312318863018,1,1,1,1,1,1,1,1,1,1,1
"841",45.5566497088485,1,1,1,1,1,1,5.51980891299069,2.12323194604117,1,1,1,1,1,1
"842",1,1,1,4.6828476393431,1.42369830943733,1.2870480628014,1.15410063805561,1,1,1,1,1,1,1,1
"843",79.5519328053381,1,12.4354855904466,2.08342856133813,1,1,1,1,1,1,1,1,1,1,1
"844",1,1,1,1,1,1,1,1,1,1,1,1,1,1,1
"845",1,1,1,1,1.12240353400653,1.31064667890689,1.2870480628014,1.37233098235394,1,1,1,1,1,1,1
"846",55.1622676752603,1,1,1,1,1,1,1,1,1,1,1,1,1,1
"847",1,1,8.45763848183588,1.7289925635092,1.4629141800379,1.4629141800379,1,1,1,1,1,1,1,1,1
"848",1,1,1,1,2.69630190694978,1,1,1,1.80848591671123,3.61524564631341,1,1,1,1,1
"849",1,1,1,17.4215018052907,31.4104087014112,29.410997941167,29.410997941167,28.4114790429681,34.403672999302,4.5577716174235,1.0721056673163,1.02995058398456,1.01839951620618,1.01447993611635,1.01311027219313
"850",1,1,1,1,1,1,1,1,1,1,1,1,1,1,1
"851",10.3747876058376,14.5437642712704,2.48075859207574,1,1,1,1,1,1,1,1,1,1,1,1
"852",1,1,24.4148233321298,2.40225429210611,2.18551062679438,3.04727970503308,3.05666158196688,1.4629141800379,1,1,1,1,1,1,1
"853",1,1,4.60463905403942,6.49049714759709,7.47069061833734,7.47069061833734,11.4362659539077,1,1,1,1,1,1,1,1
"854",45.5566497088485,1,1,4.5577716174235,5.51980891299069,1,1,1,1,1,1,1,1,1,1
"855",36.5525558343009,1,1,4.5577716174235,2.69630190694978,10.4444419470495,1,1,1,1,1,1,1,1,1
"856",1,1,1,9.44936076139022,3.13190551809962,3.54500991353232,11.4362659539077,2.36080396660841,1,1,1,1,1,1,1
"857",45.5566497088485,8.8605180615389,1.7289925635092,1,1,1,1,1,1,1,1,1,1,1,1
"858",1,1,28.4114790429681,39.3988100768094,4.41465585309148,5.51980891299069,1.12240353400653,1.04569886899499,1,1,1,1,1,1,1
"859",45.5566497088485,1,1,15.427771517998,1.96170326237793,1,1,1,1,1,1,1,1,1,1
"860",45.5566497088485,1,1,6.49049714759709,1.75057929951399,1,1,1,1,1,1,1,1,1,1
"861",1,1,1,1,7.47069061833734,9.44936076139022,9.44936076139022,8.45763848183588,16.4244530184947,1,1,1,1,1,1
"862",1,1,1.0097092686455,1.01839951620618,1,1,1,1,1,1,1,1,1,1,1
"863",1,1,1,1,1,1,1,1,1,1,1,1,1,1,1
"864",79.5519328053381,1,1,9.44936076139022,1.93776339799199,2.20692119371708,1,1,1,1,1,1,1,1,1
"865",76.9475540786182,1,1,1,1,1,1,1,1,1,1,1,1,1,1
"866",45.5566497088485,1,1,1,17.4215018052907,19.4228528897712,18.425088792663,13.4301351643093,1,1,1,1,1,1,1
"867",1,1,3.31232049611359,1.31064667890689,1.27139876571206,1,1,1,1,1,1,1,1,1,1
"868",45.5566497088485,1,1,1,1,1,1,6.93298408569666,1,1,1,1,1,1,1
"869",1,1,1,1,1,1,1.80848591671123,1.80848591671123,1,1,1,1,1,1,1
"870",1,11.3530388524678,2.48075859207574,1.27552165338163,1.17155699201744,1,1,1,1,1,1,1,1,1,1
"871",1,1,1,1,1,1,1,1,1,1,1,1,1,1,1
"872",10.3747876058376,6.86496306281215,1.24046667424329,1,1,1,1,1,1,1,1,1,1,1,1
"873",1,1,1,1,1,1,1,1,1,1,1,1,1,1,1
"874",10.3747876058376,19.5656516968628,2.16561121297873,1,1,1,1,1,1,1,1,1,1,1,1
"875",1,1,1.80848591671123,1.24046667424329,1,1,1,1,1,1,1,1,1,1,1
"876",52.2457387227247,1,1,1.33490353088609,1.66396671404696,1.26419038750951,1.24046667424329,1,1,1,1,1,1,1,1
"877",1,3.74767627661312,1.4629141800379,1,1,1,1,5.51980891299069,1,1,1,1,1.80848591671123,1,1
"878",45.5566497088485,1,5.17144619559182,5.70528999120132,3.50855947383947,6.14861011453491,8.45763848183588,14.4315375120839,1,1,1,1,1,1,1
"879",1,17.9146191645962,2.00268832769976,1.59228424960542,1.43672386527338,1.4629141800379,1,1,1,1,1,1,1,1,1
"880",36.5525558343009,1,1,4.5577716174235,4.5577716174235,4.5577716174235,7.47069061833734,1,1,1,1,1,1,1,1
"881",52.2457387227247,1,1,1,1,1,1,1,1,1,1,1,1,1,1
"882",1,1,1,1,1,1,1,1,1,1,1,1,1,1,1
"883",1,1,1,1,1,1,1,1,1,1,1,1,1,1,1
"884",79.5519328053381,1,1,1,1,1,1,1,1,1,1,1,1,1,1
"885",52.2457387227247,1,1,1,1,1,1,1,1,1,1,1,1,1,1
"886",79.5519328053381,1,1,16.4244530184947,17.3455352460608,14.6820566675796,1.53344706388675,1,1,1,1,1,1,1,1
"887",1,3.74767627661312,1.4629141800379,1,1,1.80848591671123,1.80848591671123,2.04795632882889,1,1,1,1,1,1,1
"888",52.2457387227247,1,1,17.4215018052907,9.44936076139022,11.0151764555246,1,1,1,1,1,1,1,1,1
"889",52.2457387227247,1,1,1.80848591671123,14.4315375120839,5.51980891299069,9.44936076139022,11.4362659539077,15.427771517998,1,1,1,1,1,1
"890",1,1,1,1,1,1,1,1,1,1,1,1,1,1,1
"891",76.9475540786182,1,7.21782220142128,1.4629141800379,1.4629141800379,1.68567262644676,1,1,1,1,1,1,1,1,1
"892",45.5566497088485,1,1,34.403672999302,45.3971393040169,46.3982631394518,8.23126637649329,3.61524564631341,1,1,1,1,1,1,1
"893",10.3747876058376,1,1,1,1.43672386527338,1,3.69452789877537,1,1,1,1,1,1,1,1
"894",1,1,1,1,1,1,1,1,1,1,1,1,1,1,1
"895",1,13.5344294372907,1.87844630115509,1.89942087850472,21.419056396292,19.4228528897712,24.4148233321298,6.49049714759709,1.02198447650531,1,1,1,1,1,1
"896",55.1622676752603,1,1,1.0103328800598,1.4629141800379,1.4629141800379,1.35973127540826,1,1,1,1,1,1,1,1
"897",1,1,1,1,1,1,1,1,1,1,1,1,1,1,1
"898",1,1,8.06129679146121,1.66396671404696,1.34725164715477,1.5334087061919,8.45763848183588,12.4354855904466,15.427771517998,1,1,1,1,1,1
"899",55.1622676752603,1,1,1.80848591671123,1.06500800437579,9.18169890985732,1.7289925635092,1,1,1,1,1,1,1,1
"900",1,1,1,1,1,1,1.80848591671123,1,1,1,1,1,1,1,1
"901",10.3747876058376,1,1,20.4208483394876,23.4160549657107,14.4315375120839,34.403672999302,6.49049714759709,1,1,1,1,1,1,1
"902",52.2457387227247,1,8.45763848183588,1.81491417369127,1.79354931904295,2.02302336805241,1,1,1,1,1,1,1,1,1
"903",1,28.1448832749297,2.46112675736945,1.44979964648167,1,1,1,1,1,1,1,1,1,1,1
"904",76.9475540786182,1,1,1,1.11516213977343,1.12240353400653,1.06218720089909,1,1,1,1,1,1,1,1
"905",10.3747876058376,1,31.4104087014112,3.2456799176363,8.15668906464601,1.64225089468946,1.39784429914051,1,1,1,1,1,1,1,1
"906",52.2457387227247,1,1,1,1,1,1,1,1,1,1,1,1,1,1
"907",1,1,1,2.69630190694978,2.69630190694978,2.69630190694978,1,6.49049714759709,1,1,1,1,1,1,1
"908",10.3747876058376,2.38671972445245,1.4629141800379,1,1,1,1,1,1,1,1,1,1,1,1
"909",76.9475540786182,1,1,1,1,1,1,1,1,1,1,1,1,1,1
"910",1,1,1,1,12.4354855904466,15.427771517998,1,1,1,1,1,1,1,1,1
"911",79.5519328053381,1,1,1,1,1,1,1,1,8.45763848183588,1,1,1,1,1
"912",1,1,1,8.45763848183588,1.85736786069489,1.00302923404993,1,1,1,1,1,1,1,1,1
"913",45.5566497088485,1,4.97840581898562,1.4629141800379,1.0721056673163,1,1,1,1,1,1,1,1,1,1
"914",1,1,1,1,1,1,2.17702669255904,1,1,1,1,1,1,1,1
"915",1,1,1,4.5577716174235,4.5577716174235,4.5577716174235,6.49049714759709,1,1,1,1,1,1,1,1
"916",1,1,15.427771517998,17.4215018052907,6.26717660591894,7.47069061833734,9.44936076139022,2.10337447185308,1,1,1,1,1,1,1
"917",1,1,5.51980891299069,1.43672386527338,1,1,1.4629141800379,1.64225089468946,1.64225089468946,1.79354931904295,1,1,1,1,1
"918",10.3747876058376,1,15.427771517998,2.24370970222308,2.18410887971067,1,5.51980891299069,1.81491417369127,1,1,1,1,1,1,1
"919",52.2457387227247,1,1,1,1,1,1.95111256895334,1,1,1,1,1,1,1,1
"920",36.5525558343009,1,7.72541633712477,1.77210152677037,1.14577004490432,1,1,1,1,1,1,1,1,1,1
"921",1,1,1,5.51980891299069,5.51980891299069,4.5577716174235,1,1,1,1,1,1,1,1,1
"922",1,1,10.4444419470495,1.7289925635092,1,9.15453772547747,2.01174497143204,1.95111256895334,1,1,1,1,1,1,1
"923",1,31.9192801273517,2.50039712653199,2.23745644958243,2.02302336805241,1.35973127540826,1,1,1,1,1,1,1,1,1
"924",76.9475540786182,1,1,1,1,1,1,1,1,1,1,1,1,1,1
"925",10.3747876058376,1,10.4444419470495,1.79354931904295,1.62054260238083,1.62054260238083,11.4362659539077,11.4362659539077,12.4354855904466,1.02995058398456,1,1,1,1,1
"926",1,1,2.27463660213066,1.18067452516403,1,1,1,1,1,1,1,1,1,1,1
"927",1,1,23.4160549657107,2.61903235630246,3.88819702711293,1.42369830943733,2.67539004297865,3.04264857808712,2.47220882791758,1,1,1,1,1,1
"928",10.3747876058376,1,18.425088792663,2.26466887781576,1,1,1,1,1,1,1,1,1,1,1
"929",52.2457387227247,1,1,9.44936076139022,6.49049714759709,6.49049714759709,13.4301351643093,1,1,1,1,1,1,1,1
"930",1,1,1,1,1,1,1,1,1,1,1,1,1,1,1
"931",1,1,9.44936076139022,12.4354855904466,12.4354855904466,11.4362659539077,1,1,1,1,1,1,1,1,1
"932",55.1622676752603,1,1,1,1,1,1,1,1.42369830943733,1,1,1,1,1,1
"933",1,1,1,1,1,1,1,1,1,1,1,1,1,1,1
"934",1,1,1,1,1,1,1,1,1,1,1,1,1,1,1
"935",79.5519328053381,1,1,1,1,1,1,1,1,1,1,1,1,1,1
"936",1,1,12.9241920304187,18.425088792663,6.18596180073954,8.45763848183588,1.0198389067244,1,1,1,1,1,1,1,1
"937",1,1,1,1,1,4.5577716174235,1,1,4.5577716174235,1,1,1,1,1,1
"938",1,3.17587532462306,1,1.19004501359785,1.27552165338163,1.4629141800379,1.39784429914051,1.87251758537627,1,1,1,1,1,1,1
"939",10.3747876058376,1,1,9.44936076139022,8.45763848183588,10.4444419470495,11.4362659539077,1,1,1,1,1,1,1,1
"940",10.3747876058376,1,6.49049714759709,1.37233098235394,1.31536754194594,1,1,13.4301351643093,3.64192195196026,3.40752609843047,1,1,1,1,1
"941",1,1,1,1,1,1.03994823288376,1,1,1,1,1,1,1,1,1
"942",10.3747876058376,1,1,1,4.5577716174235,3.61524564631341,2.69630190694978,8.45763848183588,7.47069061833734,10.4444419470495,7.07579960938159,1,1,1,1
"943",1,1,9.30607156651037,1.83900408532954,2.11362733564881,1.42369830943733,1.24046667424329,1,1,1,1,1,1,1,1
"944",45.5566497088485,1,1,10.4444419470495,2.54196696319223,2.30061920107926,3.29696117944697,2.33323742525266,1.27548655944152,1,1,1,1,1,1
"945",10.3747876058376,4.28966005301023,1.87844630115509,1.02795413738756,11.4362659539077,4.5577716174235,17.4215018052907,3.61524564631341,1,1,1,1,1,1,1
"946",1,1,1,1,1,1,1,1,1,1,1,1,1,1,1
"947",1,1,1,1,1,1,1,1,1,1,1,1,1,1,1
"948",1,3.74767627661312,1.4629141800379,1.4629141800379,24.4148233321298,13.4301351643093,11.4362659539077,41.4002754074368,1,1,1,1,1,1,1
"949",1,1,3.17587532462306,1.38503920642279,1.4629141800379,1.70735271011667,1.2870480628014,1,1,1,1,1,1,1,1
"950",1,1,1,14.7187838696946,2.08342856133813,1,1,1,1,1,1,1,1,1,1
"951",1,1,1,1.4629141800379,6.16541404937192,8.45763848183588,1.2870480628014,1.21961304505806,9.44936076139022,1,1,1,1,1,1
"952",1,1,1,1,1,1,1,1,1,1,1,1,1,1,1
"953",79.5519328053381,1,1.02469082680356,1.02418940019288,1.07745203239714,2.69630190694978,1,3.61524564631341,1,1,1,1,1,1,1
"954",52.2457387227247,1,1,1,8.45763848183588,5.51980891299069,2.69630190694978,12.4354855904466,1,1,1,1,1,1,1
"955",1,9.50261948652414,2.71937495219081,2.59560086451492,1.41073456640162,8.45763848183588,2.09027919475802,1,1,1,1,1,1,1,1
"956",1,15.427771517998,1.81491417369127,1.33490353088609,9.44936076139022,2.37539147807522,1,1,1,1,1,1,1,1,1
"957",1,1,1,1,1,1,2.69630190694978,1,1,1,1,1,1,1,1
"958",45.5566497088485,1,1,15.427771517998,16.4244530184947,14.4315375120839,12.4354855904466,15.427771517998,8.45763848183588,15.427771517998,27.4120943223182,1,1,1,1
"959",1,1,1,1,1,1,1,1,1,1,25.4137583817701,1,1,1,1
"960",10.3747876058376,1,24.4148233321298,2.38263039493471,2.38335678914102,1.7289925635092,1,1,1,1,1,1,1,1,1
"961",1,1,1,4.5577716174235,4.83162347336633,3.07939565059638,1.11516213977343,1,1,1,1,1,1,1,1
"962",79.5519328053381,1,1,1,1,1,1,1,1.98224890691099,1,1,1,1,1,1
"963",52.2457387227247,1,1,5.51980891299069,4.5577716174235,7.47069061833734,8.45763848183588,8.45763848183588,14.4315375120839,1,1,1,1,1,1
"964",45.5566497088485,1,1,2.69630190694978,1.80848591671123,1,1,27.4120943223182,1,1,1,1,1,1,1
"965",45.5566497088485,1,1,1,2.69630190694978,1.33326491367385,1.44979964648167,2.69630190694978,1.04917136772992,23.4160549657107,1,1,1,1,1
"966",1,1,1,1,1,1,1,1,1,1,1,1,1,1,1
"967",1,1,1,7.47069061833734,1.75057929951399,1,1,1,1,1,1,1,1,1,1
"968",10.3747876058376,3.74767627661312,1.4629141800379,2.02302336805241,2.18551062679438,1.62054260238083,1.35973127540826,1,1,1,1,1,1,1,1
"969",1,1,26.4128514580538,26.4128514580538,3.97807074854389,21.419056396292,2.9440365136204,2.38671972445245,1.02418940019288,1,1,1,1,1,1
"970",1,1,1,1,1.80848591671123,2.69630190694978,5.51980891299069,4.5577716174235,5.51980891299069,19.4228528897712,5.51980891299069,6.49049714759709,5.51980891299069,17.2635466857815,1
"971",79.5519328053381,1,1,7.47069061833734,2.36080396660841,1,1,1,1,1,1,1,1,1,1
"972",1,1,1,1,1,1.18067452516403,1.29875979901637,1,1,1,1,1,1,1,1
"973",1,1,1,1,1,2.29039048021203,1,1,1,1,1,1,1,1,1
"974",1,1,1,1,1,2.69630190694978,3.61524564631341,1,1,1,1,1,1,1,1
"975",1,1,1.53342046350347,7.47069061833734,7.47069061833734,6.49049714759709,1,1,1,1,1,1,1,1,1
"976",79.5519328053381,1,11.48123120132,1.85736786069489,1.83618896031549,15.427771517998,6.49049714759709,9.44936076139022,9.44936076139022,1.05878803845648,1,1,1,1,1
"977",1,1,5.21560912886371,13.4301351643093,5.51980891299069,12.4354855904466,4.5577716174235,1,1,1,1,1,1,1,1
"978",1,1,1,1,1,1,1,1,1,1,1,1,1,1,1
"979",1,6.77209064018135,1.4629141800379,1.42369830943733,1.41073456640162,1.42741004629176,1.37233098235394,1.65418202317192,1,6.46459161001569,1,1,1,1,1
"980",79.5519328053381,1,1,1,1,1,1,1.80848591671123,1,1,1,1,1,1,1
"981",1,1,1,1,1,1,1,1,1,1,1,1,1,1,1
"982",1,1,1,1.80848591671123,1,5.51980891299069,1,2.69630190694978,1.4629141800379,1,1,1,1,1,1
"983",1,1,1,4.5577716174235,4.5577716174235,3.61524564631341,4.5577716174235,2.69630190694978,1,1,1,1,1,1,1
"984",55.1622676752603,1,5.17144619559182,1.4629141800379,1.42369830943733,1.17155699201744,1,1,1,1,1,1,1,1,1
"985",1,1,6.49049714759709,23.4160549657107,23.4160549657107,23.4160549657107,20.4208483394876,2.06975733582577,1,1,1,1,1,1,1
"986",1,15.8598424469049,2.44150007554043,1,9.44936076139022,1.64225089468946,1.68567262644676,1.68233536691897,3.57054861068732,1,1,1,1,1,1
"987",1,1,1,1,1,1,1,1,1,1,1,1,1,1,1
"988",1,1,1,1,1,1,1,1,1,1,1,1,1,1,1
"989",1,1,1,4.5577716174235,1.4629141800379,1.21961304505806,1,1,1,1,1,1,1,1,1
"990",1,3.74767627661312,1.4629141800379,1,3.61524564631341,1.33490353088609,10.4444419470495,4.5577716174235,1.20952103208818,9.44936076139022,1,1,1,1,1
"991",1,1,1,1,1,1,1,1,1,1,1,1,1,1,1
"992",1,1,1,12.4354855904466,12.4354855904466,11.4362659539077,1,1,1,1,1,1,1,1,1
"993",1,1,1,1,1,1,1,1,1,1,1,1,1,1,1
"994",1,1,5.51980891299069,5.51980891299069,1.63292079756982,1.18749877952804,1,1,1,1,1,1,1,1,1
"995",1,1,3.27245392864816,1.43672386527338,1.18067452516403,1.0721056673163,1.18067452516403,1.35973127540826,1,1,1,1,1,1,1
"996",1,14.7026692122653,3.88968052967643,2.51856368431815,1.40778887726632,4.5577716174235,4.5577716174235,3.13332176200333,1,1,1,1,1,1,1
"997",52.2457387227247,1,4.32397110387677,1.38503920642279,1.68567262644676,8.45763848183588,13.4301351643093,1,1,1,1,1,1,1,1
"998",45.5566497088485,1,1,1.05326903975241,1.59886076081892,1.68567262644676,1.14577004490432,1,1,1,1,1,1,1,1
"999",1,1,6.49049714759709,1.38503920642279,12.4354855904466,14.4315375120839,1.79354931904295,1.89942087850472,1,1,1,1,1,1,1
"1000",79.5519328053381,1,5.51980891299069,1.31064667890689,1.37233098235394,1.80848591671123,14.9369054778972,1,1,1,1,1,1,1,1
